   ,CATEGORY,STATENAME,COUNT,
1,ATTRACTIONS - RECREATION,ALABAMA,"4,002",
2,ATTRACTIONS - RECREATION,ALASKA,"1,264",
3,ATTRACTIONS - RECREATION,ARIZONA,"5,126",
4,ATTRACTIONS - RECREATION,ARKANSAS,"2,437",
5,ATTRACTIONS - RECREATION,CALIFORNIA,"34,170",
6,ATTRACTIONS - RECREATION,COLORADO,"6,100",
7,ATTRACTIONS - RECREATION,CONNECTICUT,"4,014",
8,ATTRACTIONS - RECREATION,DELAWARE,902,
9,ATTRACTIONS - RECREATION,DISTRICT OF COLUMBIA,840,
10,ATTRACTIONS - RECREATION,FLORIDA,"23,997",
11,ATTRACTIONS - RECREATION,GEORGIA,"8,209",
12,ATTRACTIONS - RECREATION,HAWAII,"1,949",
13,ATTRACTIONS - RECREATION,IDAHO,"1,955",
14,ATTRACTIONS - RECREATION,ILLINOIS,"12,721",
15,ATTRACTIONS - RECREATION,INDIANA,"6,437",
16,ATTRACTIONS - RECREATION,IOWA,"3,873",
17,ATTRACTIONS - RECREATION,KANSAS,"3,001",
18,ATTRACTIONS - RECREATION,KENTUCKY,"3,535",
19,ATTRACTIONS - RECREATION,LOUISIANA,"4,902",
20,ATTRACTIONS - RECREATION,MAINE,"1,736",
21,ATTRACTIONS - RECREATION,MARYLAND,"5,493",
22,ATTRACTIONS - RECREATION,MASSACHUSETTS,"8,932",
23,ATTRACTIONS - RECREATION,MICHIGAN,"11,085",
24,ATTRACTIONS - RECREATION,MINNESOTA,"6,778",
25,ATTRACTIONS - RECREATION,MISSISSIPPI,"2,266",
26,ATTRACTIONS - RECREATION,MISSOURI,"5,672",
27,ATTRACTIONS - RECREATION,MONTANA,"2,275",
28,ATTRACTIONS - RECREATION,NEBRASKA,"2,249",
29,ATTRACTIONS - RECREATION,NEVADA,"3,034",
30,ATTRACTIONS - RECREATION,NEW HAMPSHIRE,"1,920",
31,ATTRACTIONS - RECREATION,NEW JERSEY,"9,586",
32,ATTRACTIONS - RECREATION,NEW MEXICO,"2,050",
33,ATTRACTIONS - RECREATION,NEW YORK,"20,192",
34,ATTRACTIONS - RECREATION,NORTH CAROLINA,"9,155",
35,ATTRACTIONS - RECREATION,NORTH DAKOTA,958,
36,ATTRACTIONS - RECREATION,OHIO,"11,549",
37,ATTRACTIONS - RECREATION,OKLAHOMA,"3,403",
38,ATTRACTIONS - RECREATION,OREGON,"5,136",
39,ATTRACTIONS - RECREATION,PENNSYLVANIA,"15,313",
40,ATTRACTIONS - RECREATION,RHODE ISLAND,"1,634",
41,ATTRACTIONS - RECREATION,SOUTH CAROLINA,"4,701",
42,ATTRACTIONS - RECREATION,SOUTH DAKOTA,"1,573",
43,ATTRACTIONS - RECREATION,TENNESSEE,"6,095",
44,ATTRACTIONS - RECREATION,TEXAS,"19,852",
45,ATTRACTIONS - RECREATION,UTAH,"2,423",
46,ATTRACTIONS - RECREATION,VERMONT,835,
47,ATTRACTIONS - RECREATION,VIRGINIA,"6,529",
48,ATTRACTIONS - RECREATION,WASHINGTON,"8,501",
49,ATTRACTIONS - RECREATION,WEST VIRGINIA,"1,584",
50,ATTRACTIONS - RECREATION,WISCONSIN,"8,419",
51,ATTRACTIONS - RECREATION,WYOMING,912,
52,AUTOMOTIVE SERVICES,ALABAMA,"11,539",
53,AUTOMOTIVE SERVICES,ALASKA,"1,180",
54,AUTOMOTIVE SERVICES,ARIZONA,"10,521",
55,AUTOMOTIVE SERVICES,ARKANSAS,"7,298",
56,AUTOMOTIVE SERVICES,CALIFORNIA,"72,615",
57,AUTOMOTIVE SERVICES,COLORADO,"10,509",
58,AUTOMOTIVE SERVICES,CONNECTICUT,"6,094",
59,AUTOMOTIVE SERVICES,DELAWARE,"1,929",
60,AUTOMOTIVE SERVICES,DISTRICT OF COLUMBIA,554,
61,AUTOMOTIVE SERVICES,FLORIDA,"41,788",
62,AUTOMOTIVE SERVICES,GEORGIA,"23,998",
63,AUTOMOTIVE SERVICES,HAWAII,"2,548",
64,AUTOMOTIVE SERVICES,IDAHO,"3,702",
65,AUTOMOTIVE SERVICES,ILLINOIS,"27,742",
66,AUTOMOTIVE SERVICES,INDIANA,"14,503",
67,AUTOMOTIVE SERVICES,IOWA,"7,640",
68,AUTOMOTIVE SERVICES,KANSAS,"7,294",
69,AUTOMOTIVE SERVICES,KENTUCKY,"9,589",
70,AUTOMOTIVE SERVICES,LOUISIANA,"10,868",
71,AUTOMOTIVE SERVICES,MAINE,"3,015",
72,AUTOMOTIVE SERVICES,MARYLAND,"11,593",
73,AUTOMOTIVE SERVICES,MASSACHUSETTS,"15,341",
74,AUTOMOTIVE SERVICES,MICHIGAN,"21,487",
75,AUTOMOTIVE SERVICES,MINNESOTA,"12,116",
76,AUTOMOTIVE SERVICES,MISSISSIPPI,"6,814",
77,AUTOMOTIVE SERVICES,MISSOURI,"15,199",
78,AUTOMOTIVE SERVICES,MONTANA,"3,200",
79,AUTOMOTIVE SERVICES,NEBRASKA,"5,142",
80,AUTOMOTIVE SERVICES,NEVADA,"4,949",
81,AUTOMOTIVE SERVICES,NEW HAMPSHIRE,"3,860",
82,AUTOMOTIVE SERVICES,NEW JERSEY,"18,041",
83,AUTOMOTIVE SERVICES,NEW MEXICO,"3,929",
84,AUTOMOTIVE SERVICES,NEW YORK,"34,563",
85,AUTOMOTIVE SERVICES,NORTH CAROLINA,"21,532",
86,AUTOMOTIVE SERVICES,NORTH DAKOTA,"1,996",
87,AUTOMOTIVE SERVICES,OHIO,"24,249",
88,AUTOMOTIVE SERVICES,OKLAHOMA,"9,349",
89,AUTOMOTIVE SERVICES,OREGON,"7,920",
90,AUTOMOTIVE SERVICES,PENNSYLVANIA,"35,322",
91,AUTOMOTIVE SERVICES,RHODE ISLAND,"2,242",
92,AUTOMOTIVE SERVICES,SOUTH CAROLINA,"10,745",
93,AUTOMOTIVE SERVICES,SOUTH DAKOTA,"2,722",
94,AUTOMOTIVE SERVICES,TENNESSEE,"16,201",
95,AUTOMOTIVE SERVICES,TEXAS,"53,718",
96,AUTOMOTIVE SERVICES,UTAH,"5,347",
97,AUTOMOTIVE SERVICES,VERMONT,"1,638",
98,AUTOMOTIVE SERVICES,VIRGINIA,"16,125",
99,AUTOMOTIVE SERVICES,WASHINGTON,"14,425",
100,AUTOMOTIVE SERVICES,WEST VIRGINIA,"3,686",
101,AUTOMOTIVE SERVICES,WISCONSIN,"11,707",
102,AUTOMOTIVE SERVICES,WYOMING,"1,736",
103,AUTOMOTIVE SERVICES,,1,
104,BANKS - FINANCIAL,ALABAMA,"17,732",
105,BANKS - FINANCIAL,ALASKA,"1,929",
106,BANKS - FINANCIAL,ARIZONA,"18,906",
107,BANKS - FINANCIAL,ARKANSAS,"9,849",
108,BANKS - FINANCIAL,CALIFORNIA,"125,955",
109,BANKS - FINANCIAL,COLORADO,"21,101",
110,BANKS - FINANCIAL,CONNECTICUT,"14,122",
111,BANKS - FINANCIAL,DELAWARE,"3,547",
112,BANKS - FINANCIAL,DISTRICT OF COLUMBIA,"3,342",
113,BANKS - FINANCIAL,FLORIDA,"81,058",
114,BANKS - FINANCIAL,GEORGIA,"36,969",
115,BANKS - FINANCIAL,HAWAII,"5,164",
116,BANKS - FINANCIAL,IDAHO,"5,910",
117,BANKS - FINANCIAL,ILLINOIS,"57,388",
118,BANKS - FINANCIAL,INDIANA,"23,237",
119,BANKS - FINANCIAL,IOWA,"12,609",
120,BANKS - FINANCIAL,KANSAS,"12,811",
121,BANKS - FINANCIAL,KENTUCKY,"14,486",
122,BANKS - FINANCIAL,LOUISIANA,"18,619",
123,BANKS - FINANCIAL,MAINE,"4,546",
124,BANKS - FINANCIAL,MARYLAND,"22,311",
125,BANKS - FINANCIAL,MASSACHUSETTS,"27,536",
126,BANKS - FINANCIAL,MICHIGAN,"36,438",
127,BANKS - FINANCIAL,MINNESOTA,"24,329",
128,BANKS - FINANCIAL,MISSISSIPPI,"12,022",
129,BANKS - FINANCIAL,MISSOURI,"25,490",
130,BANKS - FINANCIAL,MONTANA,"5,382",
131,BANKS - FINANCIAL,NEBRASKA,"8,382",
132,BANKS - FINANCIAL,NEVADA,"9,919",
133,BANKS - FINANCIAL,NEW HAMPSHIRE,"5,195",
134,BANKS - FINANCIAL,NEW JERSEY,"34,513",
135,BANKS - FINANCIAL,NEW MEXICO,"6,043",
136,BANKS - FINANCIAL,NEW YORK,"72,020",
137,BANKS - FINANCIAL,NORTH CAROLINA,"33,000",
138,BANKS - FINANCIAL,NORTH DAKOTA,"3,871",
139,BANKS - FINANCIAL,OHIO,"39,916",
140,BANKS - FINANCIAL,OKLAHOMA,"13,463",
141,BANKS - FINANCIAL,OREGON,"15,424",
142,BANKS - FINANCIAL,PENNSYLVANIA,"52,758",
143,BANKS - FINANCIAL,RHODE ISLAND,"3,970",
144,BANKS - FINANCIAL,SOUTH CAROLINA,"18,187",
145,BANKS - FINANCIAL,SOUTH DAKOTA,"5,046",
146,BANKS - FINANCIAL,TENNESSEE,"24,496",
147,BANKS - FINANCIAL,TEXAS,"92,491",
148,BANKS - FINANCIAL,UTAH,"8,567",
149,BANKS - FINANCIAL,VERMONT,"2,405",
150,BANKS - FINANCIAL,VIRGINIA,"28,424",
151,BANKS - FINANCIAL,WASHINGTON,"24,635",
152,BANKS - FINANCIAL,WEST VIRGINIA,"6,186",
153,BANKS - FINANCIAL,WISCONSIN,"25,071",
154,BANKS - FINANCIAL,WYOMING,"2,544",
155,EATING - DRINKING,ALABAMA,"17,663",
156,EATING - DRINKING,ALASKA,"2,268",
157,EATING - DRINKING,ARIZONA,"19,512",
158,EATING - DRINKING,ARKANSAS,"10,681",
159,EATING - DRINKING,CALIFORNIA,"141,077",
160,EATING - DRINKING,COLORADO,"19,890",
161,EATING - DRINKING,CONNECTICUT,"14,536",
162,EATING - DRINKING,DELAWARE,"3,522",
163,EATING - DRINKING,DISTRICT OF COLUMBIA,"3,930",
164,EATING - DRINKING,FLORIDA,"80,015",
165,EATING - DRINKING,GEORGIA,"39,623",
166,EATING - DRINKING,HAWAII,"6,868",
167,EATING - DRINKING,IDAHO,"5,599",
168,EATING - DRINKING,ILLINOIS,"53,742",
169,EATING - DRINKING,INDIANA,"22,283",
170,EATING - DRINKING,IOWA,"12,332",
171,EATING - DRINKING,KANSAS,"10,984",
172,EATING - DRINKING,KENTUCKY,"15,030",
173,EATING - DRINKING,LOUISIANA,"20,044",
174,EATING - DRINKING,MAINE,"5,363",
175,EATING - DRINKING,MARYLAND,"21,284",
176,EATING - DRINKING,MASSACHUSETTS,"28,337",
177,EATING - DRINKING,MICHIGAN,"32,162",
178,EATING - DRINKING,MINNESOTA,"19,257",
179,EATING - DRINKING,MISSISSIPPI,"11,967",
180,EATING - DRINKING,MISSOURI,"22,049",
181,EATING - DRINKING,MONTANA,"4,696",
182,EATING - DRINKING,NEBRASKA,"7,561",
183,EATING - DRINKING,NEVADA,"10,252",
184,EATING - DRINKING,NEW HAMPSHIRE,"5,216",
185,EATING - DRINKING,NEW JERSEY,"40,148",
186,EATING - DRINKING,NEW MEXICO,"6,472",
187,EATING - DRINKING,NEW YORK,"84,185",
188,EATING - DRINKING,NORTH CAROLINA,"36,659",
189,EATING - DRINKING,NORTH DAKOTA,"3,033",
190,EATING - DRINKING,OHIO,"38,886",
191,EATING - DRINKING,OKLAHOMA,"13,707",
192,EATING - DRINKING,OREGON,"17,467",
193,EATING - DRINKING,PENNSYLVANIA,"55,140",
194,EATING - DRINKING,RHODE ISLAND,"4,925",
195,EATING - DRINKING,SOUTH CAROLINA,"19,856",
196,EATING - DRINKING,SOUTH DAKOTA,"3,847",
197,EATING - DRINKING,TENNESSEE,"26,808",
198,EATING - DRINKING,TEXAS,"98,933",
199,EATING - DRINKING,UTAH,"8,804",
200,EATING - DRINKING,VERMONT,"2,445",
201,EATING - DRINKING,VIRGINIA,"29,642",
202,EATING - DRINKING,WASHINGTON,"29,465",
203,EATING - DRINKING,WEST VIRGINIA,"5,813",
204,EATING - DRINKING,WISCONSIN,"20,842",
205,EATING - DRINKING,WYOMING,"2,274",
206,EDUCATION,ALABAMA,"4,531",
207,EDUCATION,ALASKA,941,
208,EDUCATION,ARIZONA,"5,542",
209,EDUCATION,ARKANSAS,"3,113",
210,EDUCATION,CALIFORNIA,"36,734",
211,EDUCATION,COLORADO,"5,680",
212,EDUCATION,CONNECTICUT,"3,954",
213,EDUCATION,DELAWARE,917,
214,EDUCATION,DISTRICT OF COLUMBIA,"1,496",
215,EDUCATION,FLORIDA,"18,758",
216,EDUCATION,GEORGIA,"9,755",
217,EDUCATION,HAWAII,"1,572",
218,EDUCATION,IDAHO,"1,869",
219,EDUCATION,ILLINOIS,"16,977",
220,EDUCATION,INDIANA,"7,094",
221,EDUCATION,IOWA,"4,025",
222,EDUCATION,KANSAS,"4,252",
223,EDUCATION,KENTUCKY,"4,577",
224,EDUCATION,LOUISIANA,"5,251",
225,EDUCATION,MAINE,"1,467",
226,EDUCATION,MARYLAND,"5,945",
227,EDUCATION,MASSACHUSETTS,"8,553",
228,EDUCATION,MICHIGAN,"11,352",
229,EDUCATION,MINNESOTA,"6,204",
230,EDUCATION,MISSISSIPPI,"3,347",
231,EDUCATION,MISSOURI,"7,148",
232,EDUCATION,MONTANA,"1,521",
233,EDUCATION,NEBRASKA,"2,491",
234,EDUCATION,NEVADA,"1,872",
235,EDUCATION,NEW HAMPSHIRE,"1,746",
236,EDUCATION,NEW JERSEY,"10,888",
237,EDUCATION,NEW MEXICO,"2,347",
238,EDUCATION,NEW YORK,"20,506",
239,EDUCATION,NORTH CAROLINA,"9,063",
240,EDUCATION,NORTH DAKOTA,"1,014",
241,EDUCATION,OHIO,"12,565",
242,EDUCATION,OKLAHOMA,"4,146",
243,EDUCATION,OREGON,"4,680",
244,EDUCATION,PENNSYLVANIA,"15,736",
245,EDUCATION,RHODE ISLAND,"1,208",
246,EDUCATION,SOUTH CAROLINA,"4,731",
247,EDUCATION,SOUTH DAKOTA,"1,341",
248,EDUCATION,TENNESSEE,"6,652",
249,EDUCATION,TEXAS,"23,702",
250,EDUCATION,UTAH,"2,465",
251,EDUCATION,VERMONT,800,
252,EDUCATION,VIRGINIA,"8,366",
253,EDUCATION,WASHINGTON,"8,277",
254,EDUCATION,WEST VIRGINIA,"1,622",
255,EDUCATION,WISCONSIN,"6,453",
256,EDUCATION,WYOMING,824,
257,FARM - RANCH,ALABAMA,717,
258,FARM - RANCH,ALASKA,65,
259,FARM - RANCH,ARIZONA,604,
260,FARM - RANCH,ARKANSAS,960,
261,FARM - RANCH,CALIFORNIA,"5,761",
262,FARM - RANCH,COLORADO,"1,094",
263,FARM - RANCH,CONNECTICUT,399,
264,FARM - RANCH,DELAWARE,128,
265,FARM - RANCH,DISTRICT OF COLUMBIA,37,
266,FARM - RANCH,FLORIDA,"2,194",
267,FARM - RANCH,GEORGIA,"1,617",
268,FARM - RANCH,HAWAII,209,
269,FARM - RANCH,IDAHO,797,
270,FARM - RANCH,ILLINOIS,"2,981",
271,FARM - RANCH,INDIANA,"1,676",
272,FARM - RANCH,IOWA,"3,285",
273,FARM - RANCH,KANSAS,"1,868",
274,FARM - RANCH,KENTUCKY,"1,444",
275,FARM - RANCH,LOUISIANA,594,
276,FARM - RANCH,MAINE,313,
277,FARM - RANCH,MARYLAND,565,
278,FARM - RANCH,MASSACHUSETTS,751,
279,FARM - RANCH,MICHIGAN,"1,940",
280,FARM - RANCH,MINNESOTA,"3,135",
281,FARM - RANCH,MISSISSIPPI,764,
282,FARM - RANCH,MISSOURI,"1,833",
283,FARM - RANCH,MONTANA,737,
284,FARM - RANCH,NEBRASKA,"1,839",
285,FARM - RANCH,NEVADA,159,
286,FARM - RANCH,NEW HAMPSHIRE,227,
287,FARM - RANCH,NEW JERSEY,860,
288,FARM - RANCH,NEW MEXICO,357,
289,FARM - RANCH,NEW YORK,"2,118",
290,FARM - RANCH,NORTH CAROLINA,"2,528",
291,FARM - RANCH,NORTH DAKOTA,"1,232",
292,FARM - RANCH,OHIO,"1,497",
293,FARM - RANCH,OKLAHOMA,714,
294,FARM - RANCH,OREGON,"1,511",
295,FARM - RANCH,PENNSYLVANIA,"2,002",
296,FARM - RANCH,RHODE ISLAND,111,
297,FARM - RANCH,SOUTH CAROLINA,712,
298,FARM - RANCH,SOUTH DAKOTA,"1,111",
299,FARM - RANCH,TENNESSEE,"1,192",
300,FARM - RANCH,TEXAS,"3,156",
301,FARM - RANCH,UTAH,306,
302,FARM - RANCH,VERMONT,276,
303,FARM - RANCH,VIRGINIA,"1,130",
304,FARM - RANCH,WASHINGTON,"2,091",
305,FARM - RANCH,WEST VIRGINIA,176,
306,FARM - RANCH,WISCONSIN,"2,314",
307,FARM - RANCH,WYOMING,377,
308,GOVERNMENT - PUBLIC,ALABAMA,"2,986",
309,GOVERNMENT - PUBLIC,ALASKA,609,
310,GOVERNMENT - PUBLIC,ARIZONA,"1,464",
311,GOVERNMENT - PUBLIC,ARKANSAS,"2,110",
312,GOVERNMENT - PUBLIC,CALIFORNIA,"10,277",
313,GOVERNMENT - PUBLIC,COLORADO,"1,894",
314,GOVERNMENT - PUBLIC,CONNECTICUT,"1,856",
315,GOVERNMENT - PUBLIC,DELAWARE,332,
316,GOVERNMENT - PUBLIC,DISTRICT OF COLUMBIA,803,
317,GOVERNMENT - PUBLIC,FLORIDA,"6,413",
318,GOVERNMENT - PUBLIC,GEORGIA,"4,950",
319,GOVERNMENT - PUBLIC,HAWAII,627,
320,GOVERNMENT - PUBLIC,IDAHO,972,
321,GOVERNMENT - PUBLIC,ILLINOIS,"6,234",
322,GOVERNMENT - PUBLIC,INDIANA,"3,577",
323,GOVERNMENT - PUBLIC,IOWA,"3,863",
324,GOVERNMENT - PUBLIC,KANSAS,"2,847",
325,GOVERNMENT - PUBLIC,KENTUCKY,"2,503",
326,GOVERNMENT - PUBLIC,LOUISIANA,"3,722",
327,GOVERNMENT - PUBLIC,MAINE,"1,196",
328,GOVERNMENT - PUBLIC,MARYLAND,"1,640",
329,GOVERNMENT - PUBLIC,MASSACHUSETTS,"3,183",
330,GOVERNMENT - PUBLIC,MICHIGAN,"4,693",
331,GOVERNMENT - PUBLIC,MINNESOTA,"3,516",
332,GOVERNMENT - PUBLIC,MISSISSIPPI,"2,190",
333,GOVERNMENT - PUBLIC,MISSOURI,"3,759",
334,GOVERNMENT - PUBLIC,MONTANA,831,
335,GOVERNMENT - PUBLIC,NEBRASKA,"2,111",
336,GOVERNMENT - PUBLIC,NEVADA,784,
337,GOVERNMENT - PUBLIC,NEW HAMPSHIRE,"1,033",
338,GOVERNMENT - PUBLIC,NEW JERSEY,"3,896",
339,GOVERNMENT - PUBLIC,NEW MEXICO,"1,322",
340,GOVERNMENT - PUBLIC,NEW YORK,"6,913",
341,GOVERNMENT - PUBLIC,NORTH CAROLINA,"4,435",
342,GOVERNMENT - PUBLIC,NORTH DAKOTA,759,
343,GOVERNMENT - PUBLIC,OHIO,"6,738",
344,GOVERNMENT - PUBLIC,OKLAHOMA,"2,112",
345,GOVERNMENT - PUBLIC,OREGON,"2,204",
346,GOVERNMENT - PUBLIC,PENNSYLVANIA,"5,951",
347,GOVERNMENT - PUBLIC,RHODE ISLAND,476,
348,GOVERNMENT - PUBLIC,SOUTH CAROLINA,"2,565",
349,GOVERNMENT - PUBLIC,SOUTH DAKOTA,"1,017",
350,GOVERNMENT - PUBLIC,TENNESSEE,"3,645",
351,GOVERNMENT - PUBLIC,TEXAS,"9,235",
352,GOVERNMENT - PUBLIC,UTAH,"1,046",
353,GOVERNMENT - PUBLIC,VERMONT,682,
354,GOVERNMENT - PUBLIC,VIRGINIA,"3,375",
355,GOVERNMENT - PUBLIC,WASHINGTON,"2,625",
356,GOVERNMENT - PUBLIC,WEST VIRGINIA,"1,237",
357,GOVERNMENT - PUBLIC,WISCONSIN,"4,471",
358,GOVERNMENT - PUBLIC,WYOMING,597,
359,HEALTH CARE SERVICES,ALABAMA,"22,772",
360,HEALTH CARE SERVICES,ALASKA,"4,723",
361,HEALTH CARE SERVICES,ARIZONA,"25,664",
362,HEALTH CARE SERVICES,ARKANSAS,"13,636",
363,HEALTH CARE SERVICES,CALIFORNIA,"171,027",
364,HEALTH CARE SERVICES,COLORADO,"27,600",
365,HEALTH CARE SERVICES,CONNECTICUT,"23,447",
366,HEALTH CARE SERVICES,DELAWARE,"5,064",
367,HEALTH CARE SERVICES,DISTRICT OF COLUMBIA,"5,160",
368,HEALTH CARE SERVICES,FLORIDA,"112,924",
369,HEALTH CARE SERVICES,GEORGIA,"45,540",
370,HEALTH CARE SERVICES,HAWAII,"9,740",
371,HEALTH CARE SERVICES,IDAHO,"9,911",
372,HEALTH CARE SERVICES,ILLINOIS,"78,078",
373,HEALTH CARE SERVICES,INDIANA,"36,045",
374,HEALTH CARE SERVICES,IOWA,"17,876",
375,HEALTH CARE SERVICES,KANSAS,"18,250",
376,HEALTH CARE SERVICES,KENTUCKY,"24,928",
377,HEALTH CARE SERVICES,LOUISIANA,"25,934",
378,HEALTH CARE SERVICES,MAINE,"8,794",
379,HEALTH CARE SERVICES,MARYLAND,"34,231",
380,HEALTH CARE SERVICES,MASSACHUSETTS,"36,243",
381,HEALTH CARE SERVICES,MICHIGAN,"53,399",
382,HEALTH CARE SERVICES,MINNESOTA,"29,673",
383,HEALTH CARE SERVICES,MISSISSIPPI,"16,528",
384,HEALTH CARE SERVICES,MISSOURI,"33,335",
385,HEALTH CARE SERVICES,MONTANA,"8,992",
386,HEALTH CARE SERVICES,NEBRASKA,"12,508",
387,HEALTH CARE SERVICES,NEVADA,"12,612",
388,HEALTH CARE SERVICES,NEW HAMPSHIRE,"7,181",
389,HEALTH CARE SERVICES,NEW JERSEY,"57,206",
390,HEALTH CARE SERVICES,NEW MEXICO,"9,302",
391,HEALTH CARE SERVICES,NEW YORK,"112,265",
392,HEALTH CARE SERVICES,NORTH CAROLINA,"46,043",
393,HEALTH CARE SERVICES,NORTH DAKOTA,"4,716",
394,HEALTH CARE SERVICES,OHIO,"61,875",
395,HEALTH CARE SERVICES,OKLAHOMA,"20,171",
396,HEALTH CARE SERVICES,OREGON,"21,021",
397,HEALTH CARE SERVICES,PENNSYLVANIA,"101,871",
398,HEALTH CARE SERVICES,RHODE ISLAND,"6,139",
399,HEALTH CARE SERVICES,SOUTH CAROLINA,"23,543",
400,HEALTH CARE SERVICES,SOUTH DAKOTA,"7,094",
401,HEALTH CARE SERVICES,TENNESSEE,"35,713",
402,HEALTH CARE SERVICES,TEXAS,"118,809",
403,HEALTH CARE SERVICES,UTAH,"12,365",
404,HEALTH CARE SERVICES,VERMONT,"4,144",
405,HEALTH CARE SERVICES,VIRGINIA,"41,690",
406,HEALTH CARE SERVICES,WASHINGTON,"37,604",
407,HEALTH CARE SERVICES,WEST VIRGINIA,"10,713",
408,HEALTH CARE SERVICES,WISCONSIN,"32,959",
409,HEALTH CARE SERVICES,WYOMING,"3,944",
410,HOSPITALITY,ALABAMA,"1,826",
411,HOSPITALITY,ALASKA,720,
412,HOSPITALITY,ARIZONA,"2,574",
413,HOSPITALITY,ARKANSAS,"1,531",
414,HOSPITALITY,CALIFORNIA,"11,774",
415,HOSPITALITY,COLORADO,"3,193",
416,HOSPITALITY,CONNECTICUT,"1,087",
417,HOSPITALITY,DELAWARE,368,
418,HOSPITALITY,DISTRICT OF COLUMBIA,694,
419,HOSPITALITY,FLORIDA,"15,940",
420,HOSPITALITY,GEORGIA,"4,360",
421,HOSPITALITY,HAWAII,"1,181",
422,HOSPITALITY,IDAHO,847,
423,HOSPITALITY,ILLINOIS,"5,662",
424,HOSPITALITY,INDIANA,"2,351",
425,HOSPITALITY,IOWA,"1,704",
426,HOSPITALITY,KANSAS,"1,533",
427,HOSPITALITY,KENTUCKY,"1,649",
428,HOSPITALITY,LOUISIANA,"1,963",
429,HOSPITALITY,MAINE,"1,288",
430,HOSPITALITY,MARYLAND,"2,290",
431,HOSPITALITY,MASSACHUSETTS,"3,427",
432,HOSPITALITY,MICHIGAN,"4,421",
433,HOSPITALITY,MINNESOTA,"3,735",
434,HOSPITALITY,MISSISSIPPI,"1,324",
435,HOSPITALITY,MISSOURI,"3,179",
436,HOSPITALITY,MONTANA,"1,198",
437,HOSPITALITY,NEBRASKA,930,
438,HOSPITALITY,NEVADA,"1,157",
439,HOSPITALITY,NEW HAMPSHIRE,846,
440,HOSPITALITY,NEW JERSEY,"3,697",
441,HOSPITALITY,NEW MEXICO,"1,313",
442,HOSPITALITY,NEW YORK,"7,351",
443,HOSPITALITY,NORTH CAROLINA,"4,213",
444,HOSPITALITY,NORTH DAKOTA,720,
445,HOSPITALITY,OHIO,"3,603",
446,HOSPITALITY,OKLAHOMA,"1,767",
447,HOSPITALITY,OREGON,"2,559",
448,HOSPITALITY,PENNSYLVANIA,"4,883",
449,HOSPITALITY,RHODE ISLAND,430,
450,HOSPITALITY,SOUTH CAROLINA,"2,370",
451,HOSPITALITY,SOUTH DAKOTA,"1,063",
452,HOSPITALITY,TENNESSEE,"3,497",
453,HOSPITALITY,TEXAS,"11,320",
454,HOSPITALITY,UTAH,"1,199",
455,HOSPITALITY,VERMONT,601,
456,HOSPITALITY,VIRGINIA,"3,972",
457,HOSPITALITY,WASHINGTON,"3,885",
458,HOSPITALITY,WEST VIRGINIA,593,
459,HOSPITALITY,WISCONSIN,"3,887",
460,HOSPITALITY,WYOMING,795,
461,ORGANIZATIONS - ASSOCIATIONS,ALABAMA,"8,224",
462,ORGANIZATIONS - ASSOCIATIONS,ALASKA,"1,049",
463,ORGANIZATIONS - ASSOCIATIONS,ARIZONA,"5,377",
464,ORGANIZATIONS - ASSOCIATIONS,ARKANSAS,"5,103",
465,ORGANIZATIONS - ASSOCIATIONS,CALIFORNIA,"33,626",
466,ORGANIZATIONS - ASSOCIATIONS,COLORADO,"6,086",
467,ORGANIZATIONS - ASSOCIATIONS,CONNECTICUT,"4,090",
468,ORGANIZATIONS - ASSOCIATIONS,DELAWARE,"1,430",
469,ORGANIZATIONS - ASSOCIATIONS,DISTRICT OF COLUMBIA,"2,661",
470,ORGANIZATIONS - ASSOCIATIONS,FLORIDA,"23,385",
471,ORGANIZATIONS - ASSOCIATIONS,GEORGIA,"14,416",
472,ORGANIZATIONS - ASSOCIATIONS,HAWAII,"1,494",
473,ORGANIZATIONS - ASSOCIATIONS,IDAHO,"2,132",
474,ORGANIZATIONS - ASSOCIATIONS,ILLINOIS,"19,020",
475,ORGANIZATIONS - ASSOCIATIONS,INDIANA,"9,738",
476,ORGANIZATIONS - ASSOCIATIONS,IOWA,"5,439",
477,ORGANIZATIONS - ASSOCIATIONS,KANSAS,"5,028",
478,ORGANIZATIONS - ASSOCIATIONS,KENTUCKY,"7,074",
479,ORGANIZATIONS - ASSOCIATIONS,LOUISIANA,"8,047",
480,ORGANIZATIONS - ASSOCIATIONS,MAINE,"1,484",
481,ORGANIZATIONS - ASSOCIATIONS,MARYLAND,"8,954",
482,ORGANIZATIONS - ASSOCIATIONS,MASSACHUSETTS,"6,841",
483,ORGANIZATIONS - ASSOCIATIONS,MICHIGAN,"14,664",
484,ORGANIZATIONS - ASSOCIATIONS,MINNESOTA,"7,987",
485,ORGANIZATIONS - ASSOCIATIONS,MISSISSIPPI,"5,837",
486,ORGANIZATIONS - ASSOCIATIONS,MISSOURI,"9,026",
487,ORGANIZATIONS - ASSOCIATIONS,MONTANA,"1,843",
488,ORGANIZATIONS - ASSOCIATIONS,NEBRASKA,"3,197",
489,ORGANIZATIONS - ASSOCIATIONS,NEVADA,"2,129",
490,ORGANIZATIONS - ASSOCIATIONS,NEW HAMPSHIRE,"1,435",
491,ORGANIZATIONS - ASSOCIATIONS,NEW JERSEY,"11,465",
492,ORGANIZATIONS - ASSOCIATIONS,NEW MEXICO,"2,414",
493,ORGANIZATIONS - ASSOCIATIONS,NEW YORK,"24,937",
494,ORGANIZATIONS - ASSOCIATIONS,NORTH CAROLINA,"17,251",
495,ORGANIZATIONS - ASSOCIATIONS,NORTH DAKOTA,"1,520",
496,ORGANIZATIONS - ASSOCIATIONS,OHIO,"19,646",
497,ORGANIZATIONS - ASSOCIATIONS,OKLAHOMA,"6,027",
498,ORGANIZATIONS - ASSOCIATIONS,OREGON,"5,525",
499,ORGANIZATIONS - ASSOCIATIONS,PENNSYLVANIA,"22,076",
500,ORGANIZATIONS - ASSOCIATIONS,RHODE ISLAND,"1,113",
501,ORGANIZATIONS - ASSOCIATIONS,SOUTH CAROLINA,"8,991",
502,ORGANIZATIONS - ASSOCIATIONS,SOUTH DAKOTA,"1,872",
503,ORGANIZATIONS - ASSOCIATIONS,TENNESSEE,"11,092",
504,ORGANIZATIONS - ASSOCIATIONS,TEXAS,"27,978",
505,ORGANIZATIONS - ASSOCIATIONS,UTAH,"3,020",
506,ORGANIZATIONS - ASSOCIATIONS,VERMONT,734,
507,ORGANIZATIONS - ASSOCIATIONS,VIRGINIA,"11,653",
508,ORGANIZATIONS - ASSOCIATIONS,WASHINGTON,"8,958",
509,ORGANIZATIONS - ASSOCIATIONS,WEST VIRGINIA,"2,857",
510,ORGANIZATIONS - ASSOCIATIONS,WISCONSIN,"7,335",
511,ORGANIZATIONS - ASSOCIATIONS,WYOMING,"1,098",
512,PERSONAL SERVICES,ALABAMA,"76,110",
513,PERSONAL SERVICES,ALASKA,"14,407",
514,PERSONAL SERVICES,ARIZONA,"82,058",
515,PERSONAL SERVICES,ARKANSAS,"46,191",
516,PERSONAL SERVICES,CALIFORNIA,"592,412",
517,PERSONAL SERVICES,COLORADO,"94,468",
518,PERSONAL SERVICES,CONNECTICUT,"62,990",
519,PERSONAL SERVICES,DELAWARE,"15,495",
520,PERSONAL SERVICES,DISTRICT OF COLUMBIA,"16,999",
521,PERSONAL SERVICES,FLORIDA,"366,064",
522,PERSONAL SERVICES,GEORGIA,"154,774",
523,PERSONAL SERVICES,HAWAII,"24,148",
524,PERSONAL SERVICES,IDAHO,"29,063",
525,PERSONAL SERVICES,ILLINOIS,"222,656",
526,PERSONAL SERVICES,INDIANA,"100,613",
527,PERSONAL SERVICES,IOWA,"54,428",
528,PERSONAL SERVICES,KANSAS,"53,295",
529,PERSONAL SERVICES,KENTUCKY,"64,837",
530,PERSONAL SERVICES,LOUISIANA,"79,444",
531,PERSONAL SERVICES,MAINE,"23,427",
532,PERSONAL SERVICES,MARYLAND,"97,618",
533,PERSONAL SERVICES,MASSACHUSETTS,"132,777",
534,PERSONAL SERVICES,MICHIGAN,"144,559",
535,PERSONAL SERVICES,MINNESOTA,"100,018",
536,PERSONAL SERVICES,MISSISSIPPI,"46,543",
537,PERSONAL SERVICES,MISSOURI,"100,134",
538,PERSONAL SERVICES,MONTANA,"27,404",
539,PERSONAL SERVICES,NEBRASKA,"37,709",
540,PERSONAL SERVICES,NEVADA,"41,022",
541,PERSONAL SERVICES,NEW HAMPSHIRE,"27,893",
542,PERSONAL SERVICES,NEW JERSEY,"160,611",
543,PERSONAL SERVICES,NEW MEXICO,"31,865",
544,PERSONAL SERVICES,NEW YORK,"301,683",
545,PERSONAL SERVICES,NORTH CAROLINA,"156,620",
546,PERSONAL SERVICES,NORTH DAKOTA,"16,630",
547,PERSONAL SERVICES,OHIO,"167,809",
548,PERSONAL SERVICES,OKLAHOMA,"63,032",
549,PERSONAL SERVICES,OREGON,"71,164",
550,PERSONAL SERVICES,PENNSYLVANIA,"243,706",
551,PERSONAL SERVICES,RHODE ISLAND,"18,936",
552,PERSONAL SERVICES,SOUTH CAROLINA,"73,943",
553,PERSONAL SERVICES,SOUTH DAKOTA,"19,643",
554,PERSONAL SERVICES,TENNESSEE,"105,525",
555,PERSONAL SERVICES,TEXAS,"399,353",
556,PERSONAL SERVICES,UTAH,"37,205",
557,PERSONAL SERVICES,VERMONT,"13,066",
558,PERSONAL SERVICES,VIRGINIA,"123,353",
559,PERSONAL SERVICES,WASHINGTON,"131,496",
560,PERSONAL SERVICES,WEST VIRGINIA,"24,669",
561,PERSONAL SERVICES,WISCONSIN,"91,995",
562,PERSONAL SERVICES,WYOMING,"14,341",
563,PERSONAL SERVICES,,23,
564,PET SERVICES,ALABAMA,930,
565,PET SERVICES,ALASKA,184,
566,PET SERVICES,ARIZONA,"1,200",
567,PET SERVICES,ARKANSAS,662,
568,PET SERVICES,CALIFORNIA,"6,628",
569,PET SERVICES,COLORADO,"1,505",
570,PET SERVICES,CONNECTICUT,904,
571,PET SERVICES,DELAWARE,224,
572,PET SERVICES,DISTRICT OF COLUMBIA,79,
573,PET SERVICES,FLORIDA,"5,218",
574,PET SERVICES,GEORGIA,"2,145",
575,PET SERVICES,HAWAII,177,
576,PET SERVICES,IDAHO,483,
577,PET SERVICES,ILLINOIS,"2,964",
578,PET SERVICES,INDIANA,"1,570",
579,PET SERVICES,IOWA,877,
580,PET SERVICES,KANSAS,792,
581,PET SERVICES,KENTUCKY,"1,343",
582,PET SERVICES,LOUISIANA,822,
583,PET SERVICES,MAINE,420,
584,PET SERVICES,MARYLAND,"1,093",
585,PET SERVICES,MASSACHUSETTS,"1,534",
586,PET SERVICES,MICHIGAN,"2,363",
587,PET SERVICES,MINNESOTA,"1,342",
588,PET SERVICES,MISSISSIPPI,461,
589,PET SERVICES,MISSOURI,"1,553",
590,PET SERVICES,MONTANA,420,
591,PET SERVICES,NEBRASKA,504,
592,PET SERVICES,NEVADA,607,
593,PET SERVICES,NEW HAMPSHIRE,464,
594,PET SERVICES,NEW JERSEY,"1,914",
595,PET SERVICES,NEW MEXICO,462,
596,PET SERVICES,NEW YORK,"3,336",
597,PET SERVICES,NORTH CAROLINA,"2,147",
598,PET SERVICES,NORTH DAKOTA,162,
599,PET SERVICES,OHIO,"2,685",
600,PET SERVICES,OKLAHOMA,"1,011",
601,PET SERVICES,OREGON,"1,014",
602,PET SERVICES,PENNSYLVANIA,"3,221",
603,PET SERVICES,RHODE ISLAND,269,
604,PET SERVICES,SOUTH CAROLINA,"1,233",
605,PET SERVICES,SOUTH DAKOTA,259,
606,PET SERVICES,TENNESSEE,"1,654",
607,PET SERVICES,TEXAS,"4,715",
608,PET SERVICES,UTAH,453,
609,PET SERVICES,VERMONT,188,
610,PET SERVICES,VIRGINIA,"1,704",
611,PET SERVICES,WASHINGTON,"1,874",
612,PET SERVICES,WEST VIRGINIA,337,
613,PET SERVICES,WISCONSIN,"1,549",
614,PET SERVICES,WYOMING,218,
615,SHOPPING,ALABAMA,"37,631",
616,SHOPPING,ALASKA,"4,903",
617,SHOPPING,ARIZONA,"43,231",
618,SHOPPING,ARKANSAS,"23,622",
619,SHOPPING,CALIFORNIA,"280,472",
620,SHOPPING,COLORADO,"49,335",
621,SHOPPING,CONNECTICUT,"26,810",
622,SHOPPING,DELAWARE,"6,929",
623,SHOPPING,DISTRICT OF COLUMBIA,"6,271",
624,SHOPPING,FLORIDA,"175,694",
625,SHOPPING,GEORGIA,"76,438",
626,SHOPPING,HAWAII,"11,003",
627,SHOPPING,IDAHO,"11,775",
628,SHOPPING,ILLINOIS,"98,072",
629,SHOPPING,INDIANA,"47,785",
630,SHOPPING,IOWA,"25,238",
631,SHOPPING,KANSAS,"25,589",
632,SHOPPING,KENTUCKY,"30,800",
633,SHOPPING,LOUISIANA,"37,165",
634,SHOPPING,MAINE,"10,422",
635,SHOPPING,MARYLAND,"46,308",
636,SHOPPING,MASSACHUSETTS,"61,361",
637,SHOPPING,MICHIGAN,"70,379",
638,SHOPPING,MINNESOTA,"46,267",
639,SHOPPING,MISSISSIPPI,"23,542",
640,SHOPPING,MISSOURI,"48,499",
641,SHOPPING,MONTANA,"10,596",
642,SHOPPING,NEBRASKA,"15,786",
643,SHOPPING,NEVADA,"18,754",
644,SHOPPING,NEW HAMPSHIRE,"12,445",
645,SHOPPING,NEW JERSEY,"79,098",
646,SHOPPING,NEW MEXICO,"14,331",
647,SHOPPING,NEW YORK,"160,669",
648,SHOPPING,NORTH CAROLINA,"75,641",
649,SHOPPING,NORTH DAKOTA,"6,763",
650,SHOPPING,OHIO,"78,569",
651,SHOPPING,OKLAHOMA,"29,099",
652,SHOPPING,OREGON,"36,031",
653,SHOPPING,PENNSYLVANIA,"106,800",
654,SHOPPING,RHODE ISLAND,"9,958",
655,SHOPPING,SOUTH CAROLINA,"36,608",
656,SHOPPING,SOUTH DAKOTA,"8,664",
657,SHOPPING,TENNESSEE,"51,934",
658,SHOPPING,TEXAS,"196,961",
659,SHOPPING,UTAH,"18,557",
660,SHOPPING,VERMONT,"5,614",
661,SHOPPING,VIRGINIA,"55,423",
662,SHOPPING,WASHINGTON,"61,622",
663,SHOPPING,WEST VIRGINIA,"10,409",
664,SHOPPING,WISCONSIN,"42,154",
665,SHOPPING,WYOMING,"5,590",
666,SHOPPING,,7,
667,TRAVEL,ALABAMA,"1,249",
668,TRAVEL,ALASKA,751,
669,TRAVEL,ARIZONA,"2,206",
670,TRAVEL,ARKANSAS,913,
671,TRAVEL,CALIFORNIA,"16,753",
672,TRAVEL,COLORADO,"1,965",
673,TRAVEL,CONNECTICUT,"1,479",
674,TRAVEL,DELAWARE,300,
675,TRAVEL,DISTRICT OF COLUMBIA,409,
676,TRAVEL,FLORIDA,"11,437",
677,TRAVEL,GEORGIA,"4,462",
678,TRAVEL,HAWAII,"1,456",
679,TRAVEL,IDAHO,772,
680,TRAVEL,ILLINOIS,"7,098",
681,TRAVEL,INDIANA,"2,046",
682,TRAVEL,IOWA,"1,060",
683,TRAVEL,KANSAS,944,
684,TRAVEL,KENTUCKY,"1,094",
685,TRAVEL,LOUISIANA,"1,670",
686,TRAVEL,MAINE,585,
687,TRAVEL,MARYLAND,"2,410",
688,TRAVEL,MASSACHUSETTS,"3,708",
689,TRAVEL,MICHIGAN,"3,310",
690,TRAVEL,MINNESOTA,"2,688",
691,TRAVEL,MISSISSIPPI,926,
692,TRAVEL,MISSOURI,"2,163",
693,TRAVEL,MONTANA,528,
694,TRAVEL,NEBRASKA,639,
695,TRAVEL,NEVADA,"1,132",
696,TRAVEL,NEW HAMPSHIRE,577,
697,TRAVEL,NEW JERSEY,"6,151",
698,TRAVEL,NEW MEXICO,549,
699,TRAVEL,NEW YORK,"11,357",
700,TRAVEL,NORTH CAROLINA,"3,261",
701,TRAVEL,NORTH DAKOTA,391,
702,TRAVEL,OHIO,"3,505",
703,TRAVEL,OKLAHOMA,917,
704,TRAVEL,OREGON,"1,633",
705,TRAVEL,PENNSYLVANIA,"4,598",
706,TRAVEL,RHODE ISLAND,425,
707,TRAVEL,SOUTH CAROLINA,"1,556",
708,TRAVEL,SOUTH DAKOTA,482,
709,TRAVEL,TENNESSEE,"2,339",
710,TRAVEL,TEXAS,"8,916",
711,TRAVEL,UTAH,819,
712,TRAVEL,VERMONT,287,
713,TRAVEL,VIRGINIA,"3,117",
714,TRAVEL,WASHINGTON,"3,314",
715,TRAVEL,WEST VIRGINIA,402,
716,TRAVEL,WISCONSIN,"2,082",
717,TRAVEL,WYOMING,348,
718,TRAVEL,,1,