"Upload Sustained Trimmed Mean",,,,,,,,,,,,,,,,,,,,,,,,,,,,,,,,,,,,,,,,,,,,,,,,,,,,,,,,,,,,,,,,,,,,,,,,,,,,,,,,,,,,,,,,,,,,,,,,,,,,,,,,,,,,,,,,,,,,,,,,,,,,,,,,,,,,,,,,,,,,,,,,,,,,,,,,,,,,,,,,,,,,,,,,,,,,,,,,,,,
Peak,,,,,,,,,,,,,,,,,,,,,,,,,,,,,,,,,,,,,,,,,,,,,,,,,,,,,,,,,,,,,,,,,,,,,,,,,,,,,,,,,,,,,,,,,,,,,,,,,,,,,,,,,,,,,,,,,,,,,,,,,,,,,,,,,,,,,,,,,,,,,,,,,,,,,,,,,,,,,,,,,,,,,,,,,,,,,,,,,,,
,CenturyLink,,,,,,,,,,,"Cincinnati Bell DSL",,,,,,,,,,,"Frontier DSL",,,,,,,,,,,Windstream,,,,,,,,,,,Charter,,,,,,,,,,,Comcast,,,,,,,,,,,Cox,,,,,,,,,,,Mediacom,,,,,,,,,,,Optimum,,,,,,,,,,,"Cincinnati Bell Fiber",,,,,,,,,,,"Frontier Fiber",,,,,,,,,,,Verizon,,,,,,,,,,,Total,,,,,,,,,,,,,,,,,,,,,,,,,,,,,,,,,,,,,,,,,,,,,,
"Tier (Mbps)","Weighted Mean","Unweighted Mean","Weighted mean of medians","Unweighted mean of medians","Weighted Mean % advertised","Unweighted Mean % advertised","Weighted Mean of Medians % Advertised","Unweighted Mean of Medians % Advertised","Standard Deviation","95% C.I","Unweighted Valid N","Weighted Mean","Unweighted Mean","Weighted mean of medians","Unweighted mean of medians","Weighted Mean % advertised","Unweighted Mean % advertised","Weighted Mean of Medians % Advertised","Unweighted Mean of Medians % Advertised","Standard Deviation","95% C.I","Unweighted Valid N","Weighted Mean","Unweighted Mean","Weighted mean of medians","Unweighted mean of medians","Weighted Mean % advertised","Unweighted Mean % advertised","Weighted Mean of Medians % Advertised","Unweighted Mean of Medians % Advertised","Standard Deviation","95% C.I","Unweighted Valid N","Weighted Mean","Unweighted Mean","Weighted mean of medians","Unweighted mean of medians","Weighted Mean % advertised","Unweighted Mean % advertised","Weighted Mean of Medians % Advertised","Unweighted Mean of Medians % Advertised","Standard Deviation","95% C.I","Unweighted Valid N","Weighted Mean","Unweighted Mean","Weighted mean of medians","Unweighted mean of medians","Weighted Mean % advertised","Unweighted Mean % advertised","Weighted Mean of Medians % Advertised","Unweighted Mean of Medians % Advertised","Standard Deviation","95% C.I","Unweighted Valid N","Weighted Mean","Unweighted Mean","Weighted mean of medians","Unweighted mean of medians","Weighted Mean % advertised","Unweighted Mean % advertised","Weighted Mean of Medians % Advertised","Unweighted Mean of Medians % Advertised","Standard Deviation","95% C.I","Unweighted Valid N","Weighted Mean","Unweighted Mean","Weighted mean of medians","Unweighted mean of medians","Weighted Mean % advertised","Unweighted Mean % advertised","Weighted Mean of Medians % Advertised","Unweighted Mean of Medians % Advertised","Standard Deviation","95% C.I","Unweighted Valid N","Weighted Mean","Unweighted Mean","Weighted mean of medians","Unweighted mean of medians","Weighted Mean % advertised","Unweighted Mean % advertised","Weighted Mean of Medians % Advertised","Unweighted Mean of Medians % Advertised","Standard Deviation","95% C.I","Unweighted Valid N","Weighted Mean","Unweighted Mean","Weighted mean of medians","Unweighted mean of medians","Weighted Mean % advertised","Unweighted Mean % advertised","Weighted Mean of Medians % Advertised","Unweighted Mean of Medians % Advertised","Standard Deviation","95% C.I","Unweighted Valid N","Weighted Mean","Unweighted Mean","Weighted mean of medians","Unweighted mean of medians","Weighted Mean % advertised","Unweighted Mean % advertised","Weighted Mean of Medians % Advertised","Unweighted Mean of Medians % Advertised","Standard Deviation","95% C.I","Unweighted Valid N","Weighted Mean","Unweighted Mean","Weighted mean of medians","Unweighted mean of medians","Weighted Mean % advertised","Unweighted Mean % advertised","Weighted Mean of Medians % Advertised","Unweighted Mean of Medians % Advertised","Standard Deviation","95% C.I","Unweighted Valid N","Weighted Mean","Unweighted Mean","Weighted mean of medians","Unweighted mean of medians","Weighted Mean % advertised","Unweighted Mean % advertised","Weighted Mean of Medians % Advertised","Unweighted Mean of Medians % Advertised","Standard Deviation","95% C.I","Unweighted Valid N","Weighted Mean","Unweighted Mean","Weighted mean of medians","Unweighted mean of medians","Weighted Mean % advertised","Unweighted Mean % advertised","Weighted Mean of Medians % Advertised","Unweighted Mean of Medians % Advertised","Standard Deviation","95% C.I","Unweighted Valid N",,,,,,,,,,,,,,,,,,,,,,,,,,,,,,,,,,,,
0.512,0.3656120324596125,0.3656120324596125,0.37387894736842103,0.3738789473684211,0.7140860008976807,0.15135600240569394,0.72488609375,0.7248860937499999,0.1525677007436148,"0.32 - 0.41",50,,,,,,,,,,,,,,,,,,,,,,,,,,,,,,,,,,,,,,,,,,,,,,,,,,,,,,,,,,,,,,,,,,,,,,,,,,,,,,,,,,,,,,,,,,,,,,,,,,,,,,,,,,,,,,,,,,,,,,,,,,0.3656120324596125,0.3656120324596125,0.37387894736842103,0.3738789473684211,0.7140860008976807,0.15135600240569394,0.72488609375,0.7248860937499999,0.1525677007436148,"0.32 - 0.41",50,,,,,,,,,,,,,,,,,,,,,,,,,,,,,,,,,,,,
0.768,0.665627119744907,0.6656271197449068,0.6733640000000001,0.673364,0.8667019788345143,0.07179454006066398,0.8750794025157232,0.8750794025157232,0.09380245015520006,"0.64 - 0.69",53,0.5589371282896207,0.5589371282896207,0.5680711111111111,0.5680711111111111,0.7277827191271102,0.11178742565792413,0.7250604804421769,0.7250604804421769,0.07552985895776627,"0.54 - 0.58",49,,,,,,,,,,,,0.6660484591251145,0.6660484591251145,0.654660814159292,0.654660814159292,0.8672505978191595,0.09853019536597618,0.8677724358974358,0.8677724358974358,0.1273777968197643,"0.64 - 0.7",65,,,,,,,,,,,,,,,,,,,,,,,,,,,,,,,,,,,,,,,,,,,,,,,,,,,,,,,,,,,,,,,,,,,,,,,,,,,,,,,,,,,,,,,,,0.6624846739521475,0.6344868651245744,0.6645002973788218,0.6351899961963977,0.8626102525418586,0.09393507292959237,0.8682798871777306,0.8282178455588822,0.11421818741369388,"0.65 - 0.68",167,,,,,,,,,,,,,,,,,,,,,,,,,,,,,,,,,,,,
0.896,0.7563035208762108,0.7563035208762108,0.7005559333333333,0.7005559333333333,0.8440887509779138,0.14446892829280872,0.7931058576839826,0.7931058576839827,0.583257148426726,"0.66 - 0.86",132,,,,,,,,,,,,,,,,,,,,,,,,,,,,,,,,,,,,,,,,,,,,,,,,,,,,,,,,,,,,,,,,,,,,,,,,,,,,,,,,,,,,,,,,,,,,,,,,,,,,,,,,,,,,,,,,,,,,,,,,,,0.7563035208762108,0.7563035208762108,0.7005559333333333,0.7005559333333333,0.8440887509779138,0.14446892829280872,0.7931058576839826,0.7931058576839827,0.583257148426726,"0.66 - 0.86",132,,,,,,,,,,,,,,,,,,,,,,,,,,,,,,,,,,,,
1,,,,,,,,,,,,,,,,,,,,,,,0.964354772298047,0.964354772298047,0.9113573384615382,0.9113573384615383,0.964354772298047,0.08092974904658629,0.9764631076923076,0.9764631076923076,0.3549173687267229,"0.9 - 1.03",130,0.9909476271925843,0.9909476271925843,0.9694651428571428,0.9694651428571428,0.9909476271925843,0.12511683670439308,0.9974777534246574,0.9974777534246575,0.10395439206225154,"0.97 - 1.01",73,,,,,,,,,,,,,,,,,,,,,,,,,,,,,,,,,,,,,,,,,,,,,,,,,,,,,,,,,,,,,,,,,,,,,,,,,,,,,,,,,,,,,,,,,0.9675186477274154,0.9739177201172649,0.9182706937711093,0.932253248416608,0.9675186477274154,0.09681968697279267,0.9789633176755209,0.9840200985221674,0.2906188906408403,"0.93 - 1.01",203,,,,,,,,,,,,,,,,,,,,,,,,,,,,,,,,,,,,
1.5,,,,,,,,,,,,,,,,,,,,,,,,,,,,,,,,,,1.4561687577523417,1.456168757752342,1.3709472,1.3709472,0.9707791718348946,0.07427691936951165,0.976246593175853,0.9762465931758529,0.25100081391253726,"1.41 - 1.5",127,,,,,,,,,,,,,,,,,,,,,,,,,,,,,,,,,,,,,,,,,,,,,,,,,,,,,,,,,,,,,,,,,,,,,,,,,,,,,,,,,,,,,,,,,1.4561687577523417,1.456168757752342,1.3709472,1.3709472,0.9707791718348946,0.07427691936951165,0.976246593175853,0.9762465931758529,0.25100081391253726,"1.41 - 1.5",127,,,,,,,,,,,,,,,,,,,,,,,,,,,,,,,,,,,,
2,1.7690177264365727,1.7690177264365723,1.823454875,1.823454875,0.8845088632182864,0.07180478680646034,0.8935950819672132,0.893595081967213,0.3258805189398926,"1.71 - 1.83",122,,,,,,,,,,,,,,,,,,,,,,,,,,,,,,,,,,,,,,,,,,,,,,,,,,,,,,,,,,,,,,,,,,,,,,,,,,,,,,,,,,,,,,,,,,,,,,,,,,,,,,,,,,,,,,,,,,,,,,,,,,1.7690177264365727,1.7690177264365723,1.823454875,1.823454875,0.8845088632182864,0.07180478680646034,0.8935950819672132,0.893595081967213,0.3258805189398926,"1.71 - 1.83",122,,,,,,,,,,,,,,,,,,,,,,,,,,,,,,,,,,,,
3,,,,,,,,,,,,,,,,,,,,,,,,,,,,,,,,,,,,,,,,,,,,,,,,,,,,,,,,,,,,,,,,,,,2.8668017396628747,2.8668017396628747,2.8805175238095235,2.8805175238095235,0.9556005798876249,0.057336034793257495,0.9617527586206897,0.9617527586206897,0.07250214686996542,"2.85 - 2.89",58,,,,,,,,,,,,,,,,,,,,,,,,,,,,,,,,,,,,,,,,,,,,,,,,,,,,,,,,2.8668017396628747,2.8668017396628747,2.8805175238095235,2.8805175238095235,0.9556005798876249,0.057336034793257495,0.9617527586206897,0.9617527586206897,0.07250214686996542,"2.85 - 2.89",58,,,,,,,,,,,,,,,,,,,,,,,,,,,,,,,,,,,,
5,4.477313218211189,4.477313218211189,4.8978627999999995,4.8978627999999995,0.8954626436422379,0.10840671746984912,0.8988281379310343,0.8988281379310344,1.1031263228733288,"4.19 - 4.76",58,,,,,,,,,,,,,,,,,,,,,,,,,,,,,,,,,,,,,,,,,,,,,5.787568410475047,5.787568410475046,5.820938666666667,5.820938666666667,1.1575136820950092,0.051723050686891085,1.1635127737704918,1.1635127737704918,0.4784515974138518,"5.72 - 5.86",183,,,,,,,,,,,,6.425182760979063,6.425182760979063,5.9963445,5.996344499999999,1.2850365521958127,0.10708637934965105,1.25062256,1.2506225599999998,1.455038317553794,"5.97 - 6.88",40,,,,,,,,,,,,,,,,,,,,,,,,,,,,,,,,,,,,,,,,,,,,,5.729148347044447,5.607887886876672,5.7688797023313905,5.655379353736655,1.1458296694088894,0.07130378314212939,1.1500511307662944,1.1212803274021352,1.0357126185728416,"5.61 - 5.85",281,,,,,,,,,,,,,,,,,,,,,,,,,,,,,,,,,,,,
10,11.0212664821482,11.021266482148198,9.94036392982456,9.94036392982456,1.1021266482148198,0.12940671495490338,1.101743294845361,1.1017432948453607,5.791953177653003,"9.87 - 12.17",97,,,,,,,,,,,,,,,,,,,,,,,,,,,,,,,,,,11.222269158702534,11.222269158702533,11.37584888888889,11.37584888888889,1.1222269158702534,0.07982168963693392,1.1332044061538462,1.1332044061538462,0.6022592120544781,"11.12 - 11.33",130,11.396196579192383,11.396196579192383,11.616976399999999,11.616976399999999,1.1396196579192384,0.04626349975527717,1.1491888666666668,1.1491888666666665,1.0420731150151739,"11.18 - 11.61",90,9.70284652864737,9.702846528647369,9.681378457142856,9.681378457142857,0.970284652864737,0.055104922022588855,0.9762658358974359,0.9762658358974359,0.4084769669388664,"9.61 - 9.79",78,12.507542707783424,12.507542707783424,11.953573333333333,11.953573333333333,1.2507542707783423,0.12507542707783423,1.2343890536585367,1.2343890536585365,1.7657430960908918,"11.97 - 13.05",41,,,,,,,,,,,,,,,,,,,,,,,,,,,,,,,,,,,,,,,,,,,,,11.141436720144874,11.062492687570261,11.273807755316302,10.857448529982449,1.1141436720144873,0.08375977616824569,1.1237545360192307,1.1109434788990826,2.9340640615118523,"10.87 - 11.42",436,,,,,,,,,,,,,,,,,,,,,,,,,,,,,,,,,,,,
20,,,,,,,,,,,,,,,,,,,,,,,,,,,,,,,,,,,,,,,,,,,,,21.98525964419776,21.985259644197765,22.728753333333337,22.728753333333334,1.099262982209888,0.06072707633073689,1.1131309238095237,1.1131309238095237,1.560932706088809,"21.69 - 22.28",105,,,,,,,,,,,,,,,,,,,,,,,23.591030981082962,23.591030981082962,24.198058947368423,24.19805894736842,1.1795515490541482,0.11795515490541482,1.19594571372549,1.19594571372549,2.3008616160813014,"22.96 - 24.22",51,,,,,,,,,,,,,,,,,,,,,,,,,,,,,,,,,,,,,,,,,,,,,22.049308985720305,22.510223350487156,22.787359471649935,23.209103245614035,1.1024654492860153,0.07943625586476621,1.1164341542512468,1.1402049897435897,1.9782810547121414,"21.74 - 22.36",156,,,,,,,,,,,,,,,,,,,,,,,,,,,,,,,,,,,,
30,,,,,,,,,,,,,,,,,,,,,,,,,,,,,,,,,,,,,,,,,,,,,,,,,,,,,,,,,,,,,,,,,,,28.324611952145613,28.32461195214561,28.707991999999997,28.707991999999997,0.9441537317381871,0.0944153731738187,0.9623292102564102,0.9623292102564102,2.8556106326253268,"27.43 - 29.22",39,,,,,,,,,,,,,,,,,,,,,,,,,,,,,,,,,,,,,,,,,,,,,,,,,,,,,,,,28.324611952145613,28.32461195214561,28.707991999999997,28.707991999999997,0.9441537317381871,0.0944153731738187,0.9623292102564102,0.9623292102564102,2.8556106326253268,"27.43 - 29.22",39,,,,,,,,,,,,,,,,,,,,,,,,,,,,,,,,,,,,
35,,,,,,,,,,,,,,,,,,,,,,,,,,,,,,,,,,,,,,,,,,,,,,,,,,,,,,,,,,,,,,,,,,,,,,,,,,,,,,,,,,,,,,,,,35.10875450928228,35.10875450928228,35.398956,35.398956,1.0031072716937794,0.19829516887621565,1.0159835766059444,1.0159835766059444,2.7525733168574837,"34.67 - 35.55",149,,,,,,,,,,,,,,,,,,,,,,,,,,,,,,,,,,35.10875450928228,35.10875450928228,35.398956,35.398956,1.0031072716937794,0.19829516887621565,1.0159835766059444,1.0159835766059444,2.7525733168574837,"34.67 - 35.55",149,,,,,,,,,,,,,,,,,,,,,,,,,,,,,,,,,,,,
50,,,,,,,,,,,,,,,,,,,,,,,,,,,,,,,,,,,,,,,,,,,,,,,,,,,,,,,,,,,,,,,,,,,,,,,,,,,,,,,,,,,,,,,,,,,,,,,,,,,,,,,,,,,,,,,,,,,,,,,,,,62.72262544153519,62.72262544153521,62.40257655384615,62.40257655384616,1.2544525088307041,1.2544525088307041,1.2591641157894735,1.2591641157894737,3.230078569981815,"61.7 - 63.75",38,62.72262544153519,62.72262544153521,62.40257655384615,62.40257655384616,1.2544525088307041,1.2544525088307041,1.2591641157894735,1.2591641157894737,3.230078569981815,"61.7 - 63.75",38,,,,,,,,,,,,,,,,,,,,,,,,,,,,,,,,,,,,
75,,,,,,,,,,,,,,,,,,,,,,,,,,,,,,,,,,,,,,,,,,,,,,,,,,,,,,,,,,,,,,,,,,,,,,,,,,,,,,,,,,,,,,,,,,,,,,,,,,,,,,,,,,,,,,,81.44320466284451,81.44320466284451,83.1786324,83.1786324,1.0859093955045933,1.0859093955045933,1.087425348427673,1.087425348427673,7.164189953615223,"79.51 - 83.37",53,83.62387054135715,83.62387054135714,85.54368965,85.54368965,1.1149849405514285,1.1149849405514285,1.1245077639999999,1.1245077639999999,6.673760984868956,"81.56 - 85.69",40,83.28665109713846,82.38112547080692,85.17795581647282,84.19586132473118,1.1104886812951795,1.0984150062774256,1.118773317612406,1.1033747744802866,7.004933767835241,"81.86 - 84.71",93,,,,,,,,,,,,,,,,,,,,,,,,,,,,,,,,,,,,
100,,,,,,,,,,,,,,,,,,,,,,,,,,,,,,,,,,,,,,,,,,,,,,,,,,,,,,,,,,,,,,,,,,,,,,,,,,,,,,,,,,,,,,,,,,,,,,,,,,,,106.13766214185847,106.13766214185847,106.01473226666667,106.01473226666667,1.0613766214185847,0.4245506485674339,1.0622421238095237,1.0622421238095237,1.546911390682475,"105.67 - 106.61",42,109.71683104363937,109.71683104363936,115.0823751111111,115.0823751111111,1.0971683104363936,1.0971683104363936,1.100675388292683,1.1006753882926827,8.592439648081772,"107.09 - 112.35",41,116.34039117637745,116.34039117637745,117.7394109090909,117.7394109090909,1.1634039117637744,1.1634039117637744,1.1642078566233767,1.1642078566233767,6.802062317524509,"114.82 - 117.86",77,115.36059212558835,111.96488752080208,117.20071968113841,113.98081734222221,1.1536059212558833,0.9524820573345937,1.1547314435095641,1.12116165675,7.800673217617727,"114.15 - 116.57",160,,,,,,,,,,,,,,,,,,,,,,,,,,,,,,,,,,,,
125,,,,,,,,,,,,,,,,,,,,,,,,,,,,,,,,,,,,,,,,,,,,,,,,,,,,,,,,,,,,,,,,,,,,,,,,,,,,,,,,,,,,,,,,,,,,,,,,,,,,131.86450505078705,131.86450505078705,132.04889561722487,132.04889561722487,1.0549160404062963,0.26372901010157407,1.0545170164571427,1.054517016457143,6.604206312319124,"130.77 - 132.96",140,,,,,,,,,,,,,,,,,,,,,,,131.86450505078705,131.86450505078705,132.04889561722487,132.04889561722487,1.0549160404062963,0.26372901010157407,1.0545170164571427,1.054517016457143,6.604206312319124,"130.77 - 132.96",140,,,,,,,,,,,,,,,,,,,,,,,,,,,,,,,,,,,,
500,,,,,,,,,,,,,,,,,,,,,,,,,,,,,,,,,,,,,,,,,,,,,,,,,,,,,,,,,,,,,,,,,,,,,,,,,,,,,,,,,,,,,,,,,,,,,,,,,,,,,,,,,,,,,,,,,,,,,,,,,,,,,,,,,,,,,,,,,,,,,,,,,,,,,,,,,,,,,,,,,,,,,,,,,,,,,,,,,,,
Total,,,,,,,,,,,,,,,,,,,,,,,,,,,,,,,,,,,,,,,,,,,,,,,,,,,,,,,,,,,,,,,,,,,,,,,,,,,,,,,,,,,,,,,,,,,,,,,,,,,,,,,,,,,,,,,,,,,,,,,,,,,,,,,,,,,,,,,,,,,,,,,,,,,,,,,,,,,,,,,,,,,,,,,,,,,,,,,,,,,
,,,,,,,,,,,,,,,,,,,,,,,,,,,,,,,,,,,,,,,,,,,,,,,,,,,,,,,,,,,,,,,,,,,,,,,,,,,,,,,,,,,,,,,,,,,,,,,,,,,,,,,,,,,,,,,,,,,,,,,,,,,,,,,,,,,,,,,,,,,,,,,,,,,,,,,,,,,,,,,,,,,,,,,,,,,,,,,,,,,
"Upload Sustained Trimmed Mean",,,,,,,,,,,,,,,,,,,,,,,,,,,,,,,,,,,,,,,,,,,,,,,,,,,,,,,,,,,,,,,,,,,,,,,,,,,,,,,,,,,,,,,,,,,,,,,,,,,,,,,,,,,,,,,,,,,,,,,,,,,,,,,,,,,,,,,,,,,,,,,,,,,,,,,,,,,,,,,,,,,,,,,,,,,,,,,,,,,
Offpeak,,,,,,,,,,,,,,,,,,,,,,,,,,,,,,,,,,,,,,,,,,,,,,,,,,,,,,,,,,,,,,,,,,,,,,,,,,,,,,,,,,,,,,,,,,,,,,,,,,,,,,,,,,,,,,,,,,,,,,,,,,,,,,,,,,,,,,,,,,,,,,,,,,,,,,,,,,,,,,,,,,,,,,,,,,,,,,,,,,,
,CenturyLink,,,,,,,,,,,"Cincinnati Bell DSL",,,,,,,,,,,"Frontier DSL",,,,,,,,,,,Windstream,,,,,,,,,,,Charter,,,,,,,,,,,Comcast,,,,,,,,,,,Cox,,,,,,,,,,,Mediacom,,,,,,,,,,,Optimum,,,,,,,,,,,"Cincinnati Bell Fiber",,,,,,,,,,,"Frontier Fiber",,,,,,,,,,,Verizon,,,,,,,,,,,Total,,,,,,,,,,,,,,,,,,,,,,,,,,,,,,,,,,,,,,,,,,,,,,
"Tier (Mbps)","Weighted Mean","Unweighted Mean","Weighted mean of medians","Unweighted mean of medians","Weighted Mean % advertised","Unweighted Mean % advertised","Weighted Mean of Medians % Advertised","Unweighted Mean of Medians % Advertised","Standard Deviation","95% C.I","Unweighted Valid N","Weighted Mean","Unweighted Mean","Weighted mean of medians","Unweighted mean of medians","Weighted Mean % advertised","Unweighted Mean % advertised","Weighted Mean of Medians % Advertised","Unweighted Mean of Medians % Advertised","Standard Deviation","95% C.I","Unweighted Valid N","Weighted Mean","Unweighted Mean","Weighted mean of medians","Unweighted mean of medians","Weighted Mean % advertised","Unweighted Mean % advertised","Weighted Mean of Medians % Advertised","Unweighted Mean of Medians % Advertised","Standard Deviation","95% C.I","Unweighted Valid N","Weighted Mean","Unweighted Mean","Weighted mean of medians","Unweighted mean of medians","Weighted Mean % advertised","Unweighted Mean % advertised","Weighted Mean of Medians % Advertised","Unweighted Mean of Medians % Advertised","Standard Deviation","95% C.I","Unweighted Valid N","Weighted Mean","Unweighted Mean","Weighted mean of medians","Unweighted mean of medians","Weighted Mean % advertised","Unweighted Mean % advertised","Weighted Mean of Medians % Advertised","Unweighted Mean of Medians % Advertised","Standard Deviation","95% C.I","Unweighted Valid N","Weighted Mean","Unweighted Mean","Weighted mean of medians","Unweighted mean of medians","Weighted Mean % advertised","Unweighted Mean % advertised","Weighted Mean of Medians % Advertised","Unweighted Mean of Medians % Advertised","Standard Deviation","95% C.I","Unweighted Valid N","Weighted Mean","Unweighted Mean","Weighted mean of medians","Unweighted mean of medians","Weighted Mean % advertised","Unweighted Mean % advertised","Weighted Mean of Medians % Advertised","Unweighted Mean of Medians % Advertised","Standard Deviation","95% C.I","Unweighted Valid N","Weighted Mean","Unweighted Mean","Weighted mean of medians","Unweighted mean of medians","Weighted Mean % advertised","Unweighted Mean % advertised","Weighted Mean of Medians % Advertised","Unweighted Mean of Medians % Advertised","Standard Deviation","95% C.I","Unweighted Valid N","Weighted Mean","Unweighted Mean","Weighted mean of medians","Unweighted mean of medians","Weighted Mean % advertised","Unweighted Mean % advertised","Weighted Mean of Medians % Advertised","Unweighted Mean of Medians % Advertised","Standard Deviation","95% C.I","Unweighted Valid N","Weighted Mean","Unweighted Mean","Weighted mean of medians","Unweighted mean of medians","Weighted Mean % advertised","Unweighted Mean % advertised","Weighted Mean of Medians % Advertised","Unweighted Mean of Medians % Advertised","Standard Deviation","95% C.I","Unweighted Valid N","Weighted Mean","Unweighted Mean","Weighted mean of medians","Unweighted mean of medians","Weighted Mean % advertised","Unweighted Mean % advertised","Weighted Mean of Medians % Advertised","Unweighted Mean of Medians % Advertised","Standard Deviation","95% C.I","Unweighted Valid N","Weighted Mean","Unweighted Mean","Weighted mean of medians","Unweighted mean of medians","Weighted Mean % advertised","Unweighted Mean % advertised","Weighted Mean of Medians % Advertised","Unweighted Mean of Medians % Advertised","Standard Deviation","95% C.I","Unweighted Valid N","Weighted Mean","Unweighted Mean","Weighted mean of medians","Unweighted mean of medians","Weighted Mean % advertised","Unweighted Mean % advertised","Weighted Mean of Medians % Advertised","Unweighted Mean of Medians % Advertised","Standard Deviation","95% C.I","Unweighted Valid N",,,,,,,,,,,,,,,,,,,,,,,,,,,,,,,,,,,,
0.512,0.3693683914586685,0.3693683914586685,0.37438405321100915,0.37438405321100915,0.7214226395677119,0.1530022605443933,0.732881875,0.7328818749999999,0.15343814532736638,"0.33 - 0.41",50,,,,,,,,,,,,,,,,,,,,,,,,,,,,,,,,,,,,,,,,,,,,,,,,,,,,,,,,,,,,,,,,,,,,,,,,,,,,,,,,,,,,,,,,,,,,,,,,,,,,,,,,,,,,,,,,,,,,,,,,,,0.3693683914586685,0.3693683914586685,0.37438405321100915,0.37438405321100915,0.7214226395677119,0.1530022605443933,0.732881875,0.7328818749999999,0.15343814532736638,"0.33 - 0.41",50,,,,,,,,,,,,,,,,,,,,,,,,,,,,,,,,,,,,
0.768,0.6814007575333149,0.681400757533315,0.6805000857142857,0.6805000857142857,0.8872405697048371,0.07374829753327895,0.9008524925595237,0.9008524925595237,0.10069666097354377,"0.66 - 0.71",56,0.5571541152550062,0.5571541152550062,0.5676373333333333,0.5676373333333333,0.7254610875716226,0.11143082305100124,0.7279077380952381,0.727907738095238,0.07260088987865057,"0.54 - 0.58",49,,,,,,,,,,,,0.6704393365437525,0.6704393365437525,0.6619307138643068,0.6619307138643068,0.8729678861246777,0.09915201601981223,0.8745357371794872,0.8745357371794871,0.12782823850336159,"0.64 - 0.7",65,,,,,,,,,,,,,,,,,,,,,,,,,,,,,,,,,,,,,,,,,,,,,,,,,,,,,,,,,,,,,,,,,,,,,,,,,,,,,,,,,,,,,,,,,0.674289573985868,0.6413973584982638,0.6714447413118972,0.6408690031441957,0.8779812161274323,0.09432291783912046,0.8876209431837708,0.8409414215686274,0.11788682446899638,"0.66 - 0.69",170,,,,,,,,,,,,,,,,,,,,,,,,,,,,,,,,,,,,
0.896,0.7104393728731754,0.7104393728731754,0.6994391612903226,0.6994391612903226,0.7929010857959548,0.13801037376584077,0.7981088882921591,0.7981088882921589,0.10483546492805475,"0.69 - 0.73",133,,,,,,,,,,,,,,,,,,,,,,,,,,,,,,,,,,,,,,,,,,,,,,,,,,,,,,,,,,,,,,,,,,,,,,,,,,,,,,,,,,,,,,,,,,,,,,,,,,,,,,,,,,,,,,,,,,,,,,,,,,0.7104393728731754,0.7104393728731754,0.6994391612903226,0.6994391612903226,0.7929010857959548,0.13801037376584077,0.7981088882921591,0.7981088882921589,0.10483546492805475,"0.69 - 0.73",133,,,,,,,,,,,,,,,,,,,,,,,,,,,,,,,,,,,,
1,,,,,,,,,,,,,,,,,,,,,,,0.9778561641058541,0.9778561641058541,0.9257811651588783,0.9257811651588784,0.9778561641058541,0.08216197290587346,0.9865248307692307,0.9865248307692307,0.35861779043767433,"0.92 - 1.04",130,1.0003576402065635,1.0003576402065633,0.9802035357823129,0.9802035357823129,1.0003576402065635,0.12562901150160183,1.007494972972973,1.007494972972973,0.09939630123404224,"0.98 - 1.02",74,,,,,,,,,,,,,,,,,,,,,,,,,,,,,,,,,,,,,,,,,,,,,,,,,,,,,,,,,,,,,,,,,,,,,,,,,,,,,,,,,,,,,,,,,0.980533269202012,0.9860184642600329,0.9322560472994506,0.9455226133262028,0.980533269202012,0.09792942808275532,0.9890197459609956,0.9941316470588235,0.2922256679773927,"0.94 - 1.02",204,,,,,,,,,,,,,,,,,,,,,,,,,,,,,,,,,,,,
1.5,,,,,,,,,,,,,,,,,,,,,,,,,,,,,,,,,,1.469999422727259,1.469999422727259,1.372375189189189,1.372375189189189,0.979999615151506,0.07492317871755222,0.9827946456692913,0.9827946456692913,0.2591915418175964,"1.42 - 1.52",127,,,,,,,,,,,,,,,,,,,,,,,,,,,,,,,,,,,,,,,,,,,,,,,,,,,,,,,,,,,,,,,,,,,,,,,,,,,,,,,,,,,,,,,,,1.469999422727259,1.469999422727259,1.372375189189189,1.372375189189189,0.979999615151506,0.07492317871755222,0.9827946456692913,0.9827946456692913,0.2591915418175964,"1.42 - 1.52",127,,,,,,,,,,,,,,,,,,,,,,,,,,,,,,,,,,,,
2,1.7824316285050312,1.7824316285050312,1.8294042352941178,1.8294042352941176,0.8912158142525156,0.07235846337440756,0.8971659999999999,0.8971659999999999,0.3246346181533203,"1.73 - 1.84",123,,,,,,,,,,,,,,,,,,,,,,,,,,,,,,,,,,,,,,,,,,,,,,,,,,,,,,,,,,,,,,,,,,,,,,,,,,,,,,,,,,,,,,,,,,,,,,,,,,,,,,,,,,,,,,,,,,,,,,,,,,1.7824316285050312,1.7824316285050312,1.8294042352941178,1.8294042352941176,0.8912158142525156,0.07235846337440756,0.8971659999999999,0.8971659999999999,0.3246346181533203,"1.73 - 1.84",123,,,,,,,,,,,,,,,,,,,,,,,,,,,,,,,,,,,,
3,,,,,,,,,,,,,,,,,,,,,,,,,,,,,,,,,,,,,,,,,,,,,,,,,,,,,,,,,,,,,,,,,,,2.8818871718779517,2.8818871718779517,2.8887883441470663,2.888788344147066,0.9606290572926507,0.057637743437559036,0.9646868275862068,0.9646868275862068,0.07393683639700892,"2.86 - 2.9",58,,,,,,,,,,,,,,,,,,,,,,,,,,,,,,,,,,,,,,,,,,,,,,,,,,,,,,,,2.8818871718779517,2.8818871718779517,2.8887883441470663,2.888788344147066,0.9606290572926507,0.057637743437559036,0.9646868275862068,0.9646868275862068,0.07393683639700892,"2.86 - 2.9",58,,,,,,,,,,,,,,,,,,,,,,,,,,,,,,,,,,,,
5,4.485616563348089,4.485616563348089,4.900043745564892,4.900043745564892,0.8971233126696179,0.10865273815371891,0.9005173103448274,0.9005173103448275,1.0925739998567912,"4.2 - 4.77",58,,,,,,,,,,,,,,,,,,,,,,,,,,,,,,,,,,,,,,,,,,,,,5.867474605586884,5.867474605586884,5.835326799031477,5.835326799031477,1.1734949211173769,0.0521814156167273,1.1718724347826086,1.1718724347826086,0.9770636739960381,"5.73 - 6.01",184,,,,,,,,,,,,6.327666635289858,6.327666635289858,5.886762372417423,5.886762372417423,1.2655333270579716,0.10546111058816429,1.23741568,1.23741568,1.39694995513445,"5.89 - 6.76",40,,,,,,,,,,,,,,,,,,,,,,,,,,,,,,,,,,,,,,,,,,,,,5.797409926655471,5.648538133027554,5.777550747192636,5.650259443834229,1.1594819853310943,0.07135348833304997,1.1571253823416694,1.1253587205673758,1.2291789704342244,"5.65 - 5.94",282,,,,,,,,,,,,,,,,,,,,,,,,,,,,,,,,,,,,
10,11.01928510161756,11.019285101617562,9.97803880026584,9.97803880026584,1.1019285101617562,0.12946672870377238,1.0998036204081632,1.0998036204081632,5.759901413433027,"9.88 - 12.16",98,,,,,,,,,,,,,,,,,,,,,,,,,,,,,,,,,,11.265734598142075,11.265734598142073,11.376752105524005,11.376752105524005,1.1265734598142074,0.08019799299439255,1.1367327138461538,1.1367327138461538,0.568359528344096,"11.17 - 11.36",130,11.445933336075782,11.445933336075782,11.620388981782783,11.620388981782783,1.1445933336075782,0.04640631272710413,1.1541845333333332,1.1541845333333334,0.9058468835873225,"11.26 - 11.63",90,9.725045204507618,9.72504520450762,9.65555058064516,9.65555058064516,0.9725045204507619,0.0553405920203074,0.9771311797468354,0.9771311797468354,0.3559864919982311,"9.65 - 9.8",79,12.405493658583554,12.405493658583554,11.831502778625953,11.831502778625953,1.2405493658583555,0.12405493658583554,1.2438980487804878,1.2438980487804878,1.7727712661686814,"11.86 - 12.95",41,,,,,,,,,,,,,,,,,,,,,,,,,,,,,,,,,,,,,,,,,,,,,11.181784660103158,11.076422943200544,11.271173258624952,10.845983320317934,1.1181784660103158,0.08390001328151515,1.1274543766997294,1.113300910502283,2.9107132067561774,"10.91 - 11.45",438,,,,,,,,,,,,,,,,,,,,,,,,,,,,,,,,,,,,
20,,,,,,,,,,,,,,,,,,,,,,,,,,,,,,,,,,,,,,,,,,,,,22.077063698346798,22.077063698346794,22.650856538148766,22.65085653814877,1.1038531849173399,0.060879510920582205,1.1200981283018867,1.1200981283018867,1.4401965575413203,"21.8 - 22.35",106,,,,,,,,,,,,,,,,,,,,,,,23.803454596428608,23.803454596428608,24.03652,24.03652,1.1901727298214304,0.11901727298214304,1.1979812156862744,1.1979812156862746,1.8772872425784122,"23.29 - 24.32",51,,,,,,,,,,,,,,,,,,,,,,,,,,,,,,,,,,,,,,,,,,,,,22.145924187815453,22.637865837214136,22.70612644505567,23.10097651620235,1.1072962093907726,0.07976502598516566,1.1232046481083673,1.1453977299363056,1.7842314399434014,"21.87 - 22.43",157,,,,,,,,,,,,,,,,,,,,,,,,,,,,,,,,,,,,
30,,,,,,,,,,,,,,,,,,,,,,,,,,,,,,,,,,,,,,,,,,,,,,,,,,,,,,,,,,,,,,,,,,,28.498171797119372,28.49817179711937,28.74772814814815,28.747728148148152,0.9499390599039791,0.0949939059903979,0.9638631213675213,0.9638631213675213,2.441606123275279,"27.73 - 29.26",39,,,,,,,,,,,,,,,,,,,,,,,,,,,,,,,,,,,,,,,,,,,,,,,,,,,,,,,,28.498171797119372,28.49817179711937,28.74772814814815,28.747728148148152,0.9499390599039791,0.0949939059903979,0.9638631213675213,0.9638631213675213,2.441606123275279,"27.73 - 29.26",39,,,,,,,,,,,,,,,,,,,,,,,,,,,,,,,,,,,,
35,,,,,,,,,,,,,,,,,,,,,,,,,,,,,,,,,,,,,,,,,,,,,,,,,,,,,,,,,,,,,,,,,,,,,,,,,,,,,,,,,,,,,,,,,35.34600081363218,35.34600081363218,35.43998092254641,35.43998092254641,1.009885737532348,0.1987447003923774,1.026054278095238,1.026054278095238,2.651941191930185,"34.92 - 35.77",150,,,,,,,,,,,,,,,,,,,,,,,,,,,,,,,,,,35.34600081363218,35.34600081363218,35.43998092254641,35.43998092254641,1.009885737532348,0.1987447003923774,1.026054278095238,1.026054278095238,2.651941191930185,"34.92 - 35.77",150,,,,,,,,,,,,,,,,,,,,,,,,,,,,,,,,,,,,
50,,,,,,,,,,,,,,,,,,,,,,,,,,,,,,,,,,,,,,,,,,,,,,,,,,,,,,,,,,,,,,,,,,,,,,,,,,,,,,,,,,,,,,,,,,,,,,,,,,,,,,,,,,,,,,,,,,,,,,,,,,62.84551463533334,62.84551463533334,62.336183274059735,62.336183274059735,1.2569102927066667,1.2569102927066667,1.2570987536842104,1.2570987536842104,3.196502904301963,"61.83 - 63.86",38,62.84551463533334,62.84551463533334,62.336183274059735,62.336183274059735,1.2569102927066667,1.2569102927066667,1.2570987536842104,1.2570987536842104,3.196502904301963,"61.83 - 63.86",38,,,,,,,,,,,,,,,,,,,,,,,,,,,,,,,,,,,,
75,,,,,,,,,,,,,,,,,,,,,,,,,,,,,,,,,,,,,,,,,,,,,,,,,,,,,,,,,,,,,,,,,,,,,,,,,,,,,,,,,,,,,,,,,,,,,,,,,,,,,,,,,,,,,,,81.71954055370102,81.71954055370102,83.08038060927151,83.08038060927151,1.0895938740493472,1.089593874049347,1.0882000150943396,1.0882000150943396,6.886675807247892,"79.87 - 83.57",53,84.26789208547865,84.26789208547865,86.02666400498798,86.02666400498796,1.1235718944730488,1.1235718944730486,1.1308099986666666,1.1308099986666666,6.528726502970434,"82.24 - 86.29",40,83.873813517236,82.81560572865914,85.57104902104926,84.3475992740958,1.1183175135631467,1.1042080763821218,1.1242207659373376,1.1065268897491038,6.8179365087271036,"82.49 - 85.26",93,,,,,,,,,,,,,,,,,,,,,,,,,,,,,,,,,,,,
100,,,,,,,,,,,,,,,,,,,,,,,,,,,,,,,,,,,,,,,,,,,,,,,,,,,,,,,,,,,,,,,,,,,,,,,,,,,,,,,,,,,,,,,,,,,,,,,,,,,,106.12882915941393,106.12882915941393,106.01028567179488,106.01028567179485,1.0612882915941393,0.4245153166376557,1.0620850895238094,1.0620850895238094,1.380691461265935,"105.71 - 106.55",42,109.91663328287335,109.91663328287335,114.90337352631579,114.90337352631579,1.0991663328287338,1.0991663328287335,1.0998178614634146,1.0998178614634146,8.589290823079615,"107.29 - 112.55",41,116.3159417960932,116.31594179609318,117.49981543067362,117.49981543067362,1.163159417960932,1.163159417960932,1.165464953846154,1.165464953846154,6.9099454935152265,"114.78 - 117.85",78,115.36302133486464,112.02879658005256,116.97279395908635,113.84134109557064,1.1536302133486465,0.9541732766814429,1.1557109069897866,1.1217787110559005,7.819952595815081,"114.16 - 116.57",161,,,,,,,,,,,,,,,,,,,,,,,,,,,,,,,,,,,,
125,,,,,,,,,,,,,,,,,,,,,,,,,,,,,,,,,,,,,,,,,,,,,,,,,,,,,,,,,,,,,,,,,,,,,,,,,,,,,,,,,,,,,,,,,,,,,,,,,,,,131.92882746514184,131.92882746514184,132.07441988990826,132.07441988990826,1.0554306197211347,0.2638576549302837,1.0548032910070924,1.0548032910070921,6.283069255219662,"130.89 - 132.97",141,,,,,,,,,,,,,,,,,,,,,,,131.92882746514184,131.92882746514184,132.07441988990826,132.07441988990826,1.0554306197211347,0.2638576549302837,1.0548032910070924,1.0548032910070921,6.283069255219662,"130.89 - 132.97",141,,,,,,,,,,,,,,,,,,,,,,,,,,,,,,,,,,,,
500,,,,,,,,,,,,,,,,,,,,,,,,,,,,,,,,,,,,,,,,,,,,,,,,,,,,,,,,,,,,,,,,,,,,,,,,,,,,,,,,,,,,,,,,,,,,,,,,,,,,,,,,,,,,,,,,,,,,,,,,,,,,,,,,,,,,,,,,,,,,,,,,,,,,,,,,,,,,,,,,,,,,,,,,,,,,,,,,,,,
Total,,,,,,,,,,,,,,,,,,,,,,,,,,,,,,,,,,,,,,,,,,,,,,,,,,,,,,,,,,,,,,,,,,,,,,,,,,,,,,,,,,,,,,,,,,,,,,,,,,,,,,,,,,,,,,,,,,,,,,,,,,,,,,,,,,,,,,,,,,,,,,,,,,,,,,,,,,,,,,,,,,,,,,,,,,,,,,,,,,,
"Upload Sustained Trimmed Mean",,,,,,,,,,,,,,,,,,,,,,,,,,,,,,,,,,,,,,,,,,,,,,,,,,,,,,,,,,,,,,,,,,,,,,,,,,,,,,,,,,,,,,,,,,,,,,,,,,,,,,,,,,,,,,,,,,,,,,,,,,,,,,,,,,,,,,,,,,,,,,,,,,,,,,,,,,,,,,,,,,,,,,,,,,,,,,,,,,,
Weekend,,,,,,,,,,,,,,,,,,,,,,,,,,,,,,,,,,,,,,,,,,,,,,,,,,,,,,,,,,,,,,,,,,,,,,,,,,,,,,,,,,,,,,,,,,,,,,,,,,,,,,,,,,,,,,,,,,,,,,,,,,,,,,,,,,,,,,,,,,,,,,,,,,,,,,,,,,,,,,,,,,,,,,,,,,,,,,,,,,,
,CenturyLink,,,,,,,,,,,"Cincinnati Bell DSL",,,,,,,,,,,"Frontier DSL",,,,,,,,,,,Windstream,,,,,,,,,,,Charter,,,,,,,,,,,Comcast,,,,,,,,,,,Cox,,,,,,,,,,,Mediacom,,,,,,,,,,,Optimum,,,,,,,,,,,"Cincinnati Bell Fiber",,,,,,,,,,,"Frontier Fiber",,,,,,,,,,,Verizon,,,,,,,,,,,Total,,,,,,,,,,,,,,,,,,,,,,,,,,,,,,,,,,,,,,,,,,,,,,
"Tier (Mbps)","Weighted Mean","Unweighted Mean","Weighted mean of medians","Unweighted mean of medians","Weighted Mean % advertised","Unweighted Mean % advertised","Weighted Mean of Medians % Advertised","Unweighted Mean of Medians % Advertised","Standard Deviation","95% C.I","Unweighted Valid N","Weighted Mean","Unweighted Mean","Weighted mean of medians","Unweighted mean of medians","Weighted Mean % advertised","Unweighted Mean % advertised","Weighted Mean of Medians % Advertised","Unweighted Mean of Medians % Advertised","Standard Deviation","95% C.I","Unweighted Valid N","Weighted Mean","Unweighted Mean","Weighted mean of medians","Unweighted mean of medians","Weighted Mean % advertised","Unweighted Mean % advertised","Weighted Mean of Medians % Advertised","Unweighted Mean of Medians % Advertised","Standard Deviation","95% C.I","Unweighted Valid N","Weighted Mean","Unweighted Mean","Weighted mean of medians","Unweighted mean of medians","Weighted Mean % advertised","Unweighted Mean % advertised","Weighted Mean of Medians % Advertised","Unweighted Mean of Medians % Advertised","Standard Deviation","95% C.I","Unweighted Valid N","Weighted Mean","Unweighted Mean","Weighted mean of medians","Unweighted mean of medians","Weighted Mean % advertised","Unweighted Mean % advertised","Weighted Mean of Medians % Advertised","Unweighted Mean of Medians % Advertised","Standard Deviation","95% C.I","Unweighted Valid N","Weighted Mean","Unweighted Mean","Weighted mean of medians","Unweighted mean of medians","Weighted Mean % advertised","Unweighted Mean % advertised","Weighted Mean of Medians % Advertised","Unweighted Mean of Medians % Advertised","Standard Deviation","95% C.I","Unweighted Valid N","Weighted Mean","Unweighted Mean","Weighted mean of medians","Unweighted mean of medians","Weighted Mean % advertised","Unweighted Mean % advertised","Weighted Mean of Medians % Advertised","Unweighted Mean of Medians % Advertised","Standard Deviation","95% C.I","Unweighted Valid N","Weighted Mean","Unweighted Mean","Weighted mean of medians","Unweighted mean of medians","Weighted Mean % advertised","Unweighted Mean % advertised","Weighted Mean of Medians % Advertised","Unweighted Mean of Medians % Advertised","Standard Deviation","95% C.I","Unweighted Valid N","Weighted Mean","Unweighted Mean","Weighted mean of medians","Unweighted mean of medians","Weighted Mean % advertised","Unweighted Mean % advertised","Weighted Mean of Medians % Advertised","Unweighted Mean of Medians % Advertised","Standard Deviation","95% C.I","Unweighted Valid N","Weighted Mean","Unweighted Mean","Weighted mean of medians","Unweighted mean of medians","Weighted Mean % advertised","Unweighted Mean % advertised","Weighted Mean of Medians % Advertised","Unweighted Mean of Medians % Advertised","Standard Deviation","95% C.I","Unweighted Valid N","Weighted Mean","Unweighted Mean","Weighted mean of medians","Unweighted mean of medians","Weighted Mean % advertised","Unweighted Mean % advertised","Weighted Mean of Medians % Advertised","Unweighted Mean of Medians % Advertised","Standard Deviation","95% C.I","Unweighted Valid N","Weighted Mean","Unweighted Mean","Weighted mean of medians","Unweighted mean of medians","Weighted Mean % advertised","Unweighted Mean % advertised","Weighted Mean of Medians % Advertised","Unweighted Mean of Medians % Advertised","Standard Deviation","95% C.I","Unweighted Valid N","Weighted Mean","Unweighted Mean","Weighted mean of medians","Unweighted mean of medians","Weighted Mean % advertised","Unweighted Mean % advertised","Weighted Mean of Medians % Advertised","Unweighted Mean of Medians % Advertised","Standard Deviation","95% C.I","Unweighted Valid N",,,,,,,,,,,,,,,,,,,,,,,,,,,,,,,,,,,,
0.512,0.36789434457159964,0.36789434457159964,0.37662563894523327,0.3766256389452332,0.7185436417414055,0.15233985489488425,0.73101640625,0.73101640625,0.15510222793535045,"0.32 - 0.41",50,,,,,,,,,,,,,,,,,,,,,,,,,,,,,,,,,,,,,,,,,,,,,,,,,,,,,,,,,,,,,,,,,,,,,,,,,,,,,,,,,,,,,,,,,,,,,,,,,,,,,,,,,,,,,,,,,,,,,,,,,,0.36789434457159964,0.36789434457159964,0.37662563894523327,0.3766256389452332,0.7185436417414055,0.15233985489488425,0.73101640625,0.73101640625,0.15510222793535045,"0.32 - 0.41",50,,,,,,,,,,,,,,,,,,,,,,,,,,,,,,,,,,,,
0.768,0.6813928884441411,0.681392888444141,0.6811965948717948,0.681196594871795,0.8872303234949753,0.0737688888577367,0.8965208333333333,0.8965208333333333,0.10157075666562211,"0.65 - 0.71",56,0.5561496009307247,0.5561496009307247,0.5664207619047619,0.5664207619047619,0.7241531262118811,0.11122992018614494,0.7258867984693878,0.7258867984693878,0.07421345913272727,"0.54 - 0.58",49,,,,,,,,,,,,0.6696714976428039,0.6696714976428039,0.6594381764705882,0.6594381764705882,0.8719680958890674,0.09918746733765953,0.8691596955128205,0.8691596955128205,0.13066605537612838,"0.64 - 0.7",65,,,,,,,,,,,,,,,,,,,,,,,,,,,,,,,,,,,,,,,,,,,,,,,,,,,,,,,,,,,,,,,,,,,,,,,,,,,,,,,,,,,,,,,,,0.6740221109966795,0.6408116443838804,0.6711214572160789,0.6397947536278946,0.8776329570269266,0.09428534848295428,0.8830453207683929,0.8368764705882352,0.11971535304921713,"0.66 - 0.69",170,,,,,,,,,,,,,,,,,,,,,,,,,,,,,,,,,,,,
0.896,0.7080001045940606,0.7080001045940605,0.6974029859154929,0.6974029859154929,0.790178688163014,0.13759257261995506,0.7961812567132116,0.7961812567132115,0.10373461077943746,"0.69 - 0.73",133,,,,,,,,,,,,,,,,,,,,,,,,,,,,,,,,,,,,,,,,,,,,,,,,,,,,,,,,,,,,,,,,,,,,,,,,,,,,,,,,,,,,,,,,,,,,,,,,,,,,,,,,,,,,,,,,,,,,,,,,,,0.7080001045940606,0.7080001045940605,0.6974029859154929,0.6974029859154929,0.790178688163014,0.13759257261995506,0.7961812567132116,0.7961812567132115,0.10373461077943746,"0.69 - 0.73",133,,,,,,,,,,,,,,,,,,,,,,,,,,,,,,,,,,,,
1,,,,,,,,,,,,,,,,,,,,,,,0.9807687180674107,0.9807687180674107,0.9284453333333332,0.9284453333333332,0.9807687180674107,0.08247032326441957,0.9902627596899225,0.9902627596899224,0.3597915811015293,"0.92 - 1.04",129,0.9980153688131751,0.9980153688131751,0.9798003681214421,0.9798003681214421,0.9980153688131751,0.12528019845644736,1.0065660540540542,1.006566054054054,0.0998748657403049,"0.98 - 1.02",74,,,,,,,,,,,,,,,,,,,,,,,,,,,,,,,,,,,,,,,,,,,,,,,,,,,,,,,,,,,,,,,,,,,,,,,,,,,,,,,,,,,,,,,,,0.9828206321905774,0.9870556744969011,0.9345552802865592,0.947165887886634,0.9828206321905774,0.09807589353146419,0.9922024383239391,0.9962058325123152,0.2927486604108425,"0.94 - 1.02",203,,,,,,,,,,,,,,,,,,,,,,,,,,,,,,,,,,,,
1.5,,,,,,,,,,,,,,,,,,,,,,,,,,,,,,,,,,1.4694223293108397,1.4694223293108397,1.3727548888888887,1.3727548888888887,0.9796148862072264,0.07493697959826864,0.9824616482939632,0.9824616482939632,0.25721554000875246,"1.42 - 1.51",127,,,,,,,,,,,,,,,,,,,,,,,,,,,,,,,,,,,,,,,,,,,,,,,,,,,,,,,,,,,,,,,,,,,,,,,,,,,,,,,,,,,,,,,,,1.4694223293108397,1.4694223293108397,1.3727548888888887,1.3727548888888887,0.9796148862072264,0.07493697959826864,0.9824616482939632,0.9824616482939632,0.25721554000875246,"1.42 - 1.51",127,,,,,,,,,,,,,,,,,,,,,,,,,,,,,,,,,,,,
2,1.7808553000958578,1.7808553000958576,1.8306799999999999,1.8306799999999999,0.8904276500479289,0.07229704064450389,0.8971598373983739,0.8971598373983739,0.323944984901605,"1.72 - 1.84",123,,,,,,,,,,,,,,,,,,,,,,,,,,,,,,,,,,,,,,,,,,,,,,,,,,,,,,,,,,,,,,,,,,,,,,,,,,,,,,,,,,,,,,,,,,,,,,,,,,,,,,,,,,,,,,,,,,,,,,,,,,1.7808553000958578,1.7808553000958576,1.8306799999999999,1.8306799999999999,0.8904276500479289,0.07229704064450389,0.8971598373983739,0.8971598373983739,0.323944984901605,"1.72 - 1.84",123,,,,,,,,,,,,,,,,,,,,,,,,,,,,,,,,,,,,
3,,,,,,,,,,,,,,,,,,,,,,,,,,,,,,,,,,,,,,,,,,,,,,,,,,,,,,,,,,,,,,,,,,,2.882760640664434,2.882760640664434,2.894993176068376,2.894993176068376,0.9609202135548113,0.057655212813288684,0.9648139540229884,0.9648139540229884,0.0719673517786228,"2.86 - 2.9",58,,,,,,,,,,,,,,,,,,,,,,,,,,,,,,,,,,,,,,,,,,,,,,,,,,,,,,,,2.882760640664434,2.882760640664434,2.894993176068376,2.894993176068376,0.9609202135548113,0.057655212813288684,0.9648139540229884,0.9648139540229884,0.0719673517786228,"2.86 - 2.9",58,,,,,,,,,,,,,,,,,,,,,,,,,,,,,,,,,,,,
5,4.477177644320736,4.477177644320736,4.877105931623932,4.877105931623932,0.895435528864147,0.10834474322533447,0.8946548827586205,0.8946548827586206,1.1012471031342885,"4.19 - 4.76",58,,,,,,,,,,,,,,,,,,,,,,,,,,,,,,,,,,,,,,,,,,,,,5.8264595655422875,5.8264595655422875,5.854573409710856,5.854573409710855,1.1652919131084574,0.052123563896976595,1.1731114130434783,1.173111413043478,0.15097635084836727,"5.8 - 5.85",184,,,,,,,,,,,,6.395633155260506,6.395633155260505,5.965254833333334,5.965254833333333,1.279126631052101,0.10659388592100842,1.24285754,1.24285754,1.4180628478579627,"5.96 - 6.84",40,,,,,,,,,,,,,,,,,,,,,,,,,,,,,,,,,,,,,,,,,,,,,5.762818022726538,5.62968152354895,5.796458150307382,5.669233492036591,1.1525636045453078,0.07141307198919655,1.1580774798623796,1.125733279432624,0.9607129063849856,"5.65 - 5.87",282,,,,,,,,,,,,,,,,,,,,,,,,,,,,,,,,,,,,
10,11.022762054227568,11.02276205422757,9.987683540229884,9.987683540229884,1.102276205422757,0.12949023999073123,1.1018945999999998,1.1018945999999998,5.755532525147964,"9.88 - 12.16",98,,,,,,,,,,,,,,,,,,,,,,,,,,,,,,,,,,11.280255340964587,11.280255340964587,11.387329437689969,11.387329437689969,1.1280255340964587,0.08027939369459736,1.1383963846153846,1.1383963846153846,0.5490272858304799,"11.19 - 11.37",130,11.485298906441532,11.485298906441532,11.631369253065774,11.631369253065774,1.1485298906441532,0.04656592749350828,1.1550506,1.1550506,0.8212511588164457,"11.32 - 11.65",90,9.732200217647526,9.732200217647524,9.671931675675676,9.671931675675676,0.9732200217647524,0.05538175009489141,0.9777232202531645,0.9777232202531645,0.35944032780593393,"9.65 - 9.81",79,12.415978457159873,12.415978457159873,11.70792175609756,11.70792175609756,1.2415978457159873,0.12415978457159874,1.2372051219512195,1.2372051219512195,1.7352652404433722,"11.88 - 12.95",41,,,,,,,,,,,,,,,,,,,,,,,,,,,,,,,,,,,,,,,,,,,,,11.201805894452288,11.091871486660148,11.280259400070257,10.844923381270599,1.1201805894452288,0.08397946940350921,1.1286828719617852,1.1139207744292237,2.9017531151493388,"10.93 - 11.47",438,,,,,,,,,,,,,,,,,,,,,,,,,,,,,,,,,,,,
20,,,,,,,,,,,,,,,,,,,,,,,,,,,,,,,,,,,,,,,,,,,,,22.186263805068492,22.186263805068492,22.72622161111111,22.726221611111107,1.1093131902534246,0.06124737876470207,1.1223047773584904,1.1223047773584904,1.2421739607840043,"21.95 - 22.42",106,,,,,,,,,,,,,,,,,,,,,,,23.75035763186691,23.750357631866912,24.164036,24.164036,1.1875178815933456,0.11875178815933456,1.1971957490196077,1.197195749019608,1.9436650210804247,"23.22 - 24.28",51,,,,,,,,,,,,,,,,,,,,,,,,,,,,,,,,,,,,,,,,,,,,,22.24865075729809,22.69434523925142,22.783571660102893,23.193282336164188,1.1124325378649045,0.07992715506486932,1.1252919507565302,1.146632417834395,1.6701433744261036,"21.99 - 22.51",157,,,,,,,,,,,,,,,,,,,,,,,,,,,,,,,,,,,,
30,,,,,,,,,,,,,,,,,,,,,,,,,,,,,,,,,,,,,,,,,,,,,,,,,,,,,,,,,,,,,,,,,,,28.393437727339478,28.393437727339478,28.729385531914893,28.729385531914893,0.9464479242446493,0.09464479242446493,0.964902735042735,0.964902735042735,2.6776515769005744,"27.55 - 29.23",39,,,,,,,,,,,,,,,,,,,,,,,,,,,,,,,,,,,,,,,,,,,,,,,,,,,,,,,,28.393437727339478,28.393437727339478,28.729385531914893,28.729385531914893,0.9464479242446493,0.09464479242446493,0.964902735042735,0.964902735042735,2.6776515769005744,"27.55 - 29.23",39,,,,,,,,,,,,,,,,,,,,,,,,,,,,,,,,,,,,
35,,,,,,,,,,,,,,,,,,,,,,,,,,,,,,,,,,,,,,,,,,,,,,,,,,,,,,,,,,,,,,,,,,,,,,,,,,,,,,,,,,,,,,,,,35.48376666061181,35.48376666061181,35.55714212987013,35.55714212987013,1.013821904588909,0.19926322475939687,1.0266755253333333,1.0266755253333333,2.6349723892899943,"35.06 - 35.91",150,,,,,,,,,,,,,,,,,,,,,,,,,,,,,,,,,,35.48376666061181,35.48376666061181,35.55714212987013,35.55714212987013,1.013821904588909,0.19926322475939687,1.0266755253333333,1.0266755253333333,2.6349723892899943,"35.06 - 35.91",150,,,,,,,,,,,,,,,,,,,,,,,,,,,,,,,,,,,,
50,,,,,,,,,,,,,,,,,,,,,,,,,,,,,,,,,,,,,,,,,,,,,,,,,,,,,,,,,,,,,,,,,,,,,,,,,,,,,,,,,,,,,,,,,,,,,,,,,,,,,,,,,,,,,,,,,,,,,,,,,,62.76057217642271,62.76057217642272,62.279084173913034,62.27908417391304,1.2552114435284543,1.2552114435284545,1.2588492778947367,1.2588492778947369,3.2158219391270833,"61.74 - 63.78",38,62.76057217642271,62.76057217642272,62.279084173913034,62.27908417391304,1.2552114435284543,1.2552114435284545,1.2588492778947367,1.2588492778947369,3.2158219391270833,"61.74 - 63.78",38,,,,,,,,,,,,,,,,,,,,,,,,,,,,,,,,,,,,
75,,,,,,,,,,,,,,,,,,,,,,,,,,,,,,,,,,,,,,,,,,,,,,,,,,,,,,,,,,,,,,,,,,,,,,,,,,,,,,,,,,,,,,,,,,,,,,,,,,,,,,,,,,,,,,,81.49966499417998,81.49966499417997,82.97466783333333,82.97466783333331,1.0866621999223995,1.0866621999223995,1.0893211914465408,1.0893211914465408,7.035187837020736,"79.61 - 83.39",53,84.03953682248776,84.03953682248775,86.29445154443053,86.29445154443053,1.1205271576331701,1.12052715763317,1.1311412746666667,1.1311412746666667,6.609241325018404,"81.99 - 86.09",40,83.64676956053893,82.59208298484998,85.78107825372449,84.40253179509557,1.1152902608071857,1.1012277731313331,1.1246741925888342,1.1073083240143369,6.93473909787367,"82.24 - 85.06",93,,,,,,,,,,,,,,,,,,,,,,,,,,,,,,,,,,,,
100,,,,,,,,,,,,,,,,,,,,,,,,,,,,,,,,,,,,,,,,,,,,,,,,,,,,,,,,,,,,,,,,,,,,,,,,,,,,,,,,,,,,,,,,,,,,,,,,,,,,106.0331876037543,106.03318760375431,105.991962,105.99196199999999,1.060331876037543,0.42413275041501725,1.0624748087804878,1.0624748087804878,1.627252770748908,"105.54 - 106.53",41,109.93638470066848,109.93638470066847,115.16254556521739,115.16254556521737,1.0993638470066847,1.0993638470066847,1.0992232243902438,1.0992232243902438,8.561607664726253,"107.32 - 112.56",41,116.13006529173953,116.13006529173953,117.3991909057971,117.39919090579708,1.1613006529173953,1.1613006529173953,1.1636477748717948,1.1636477748717948,7.53680928121123,"114.46 - 117.8",78,115.20323996361452,111.95560973273136,116.91638677910923,113.90294813016303,1.152032399636145,0.9565300713865413,1.1540807522415795,1.1212134112499998,8.078355591406075,"113.95 - 116.45",160,,,,,,,,,,,,,,,,,,,,,,,,,,,,,,,,,,,,
125,,,,,,,,,,,,,,,,,,,,,,,,,,,,,,,,,,,,,,,,,,,,,,,,,,,,,,,,,,,,,,,,,,,,,,,,,,,,,,,,,,,,,,,,,,,,,,,,,,,,131.83972100099902,131.83972100099902,132.08621058064514,132.08621058064514,1.0547177680079922,0.26367944200199805,1.055108583716312,1.055108583716312,6.285154686118488,"130.8 - 132.88",141,,,,,,,,,,,,,,,,,,,,,,,131.83972100099902,131.83972100099902,132.08621058064514,132.08621058064514,1.0547177680079922,0.26367944200199805,1.055108583716312,1.055108583716312,6.285154686118488,"130.8 - 132.88",141,,,,,,,,,,,,,,,,,,,,,,,,,,,,,,,,,,,,
500,,,,,,,,,,,,,,,,,,,,,,,,,,,,,,,,,,,,,,,,,,,,,,,,,,,,,,,,,,,,,,,,,,,,,,,,,,,,,,,,,,,,,,,,,,,,,,,,,,,,,,,,,,,,,,,,,,,,,,,,,,,,,,,,,,,,,,,,,,,,,,,,,,,,,,,,,,,,,,,,,,,,,,,,,,,,,,,,,,,
Total,,,,,,,,,,,,,,,,,,,,,,,,,,,,,,,,,,,,,,,,,,,,,,,,,,,,,,,,,,,,,,,,,,,,,,,,,,,,,,,,,,,,,,,,,,,,,,,,,,,,,,,,,,,,,,,,,,,,,,,,,,,,,,,,,,,,,,,,,,,,,,,,,,,,,,,,,,,,,,,,,,,,,,,,,,,,,,,,,,,
"Upload Sustained Trimmed Mean",,,,,,,,,,,,,,,,,,,,,,,,,,,,,,,,,,,,,,,,,,,,,,,,,,,,,,,,,,,,,,,,,,,,,,,,,,,,,,,,,,,,,,,,,,,,,,,,,,,,,,,,,,,,,,,,,,,,,,,,,,,,,,,,,,,,,,,,,,,,,,,,,,,,,,,,,,,,,,,,,,,,,,,,,,,,,,,,,,,
Peak,,,,,,,,,,,,,,,,,,,,,,,,,,,,,,,,,,,,,,,,,,,,,,,,,,,,,,,,,,,,,,,,,,,,,,,,,,,,,,,,,,,,,,,,,,,,,,,,,,,,,,,,,,,,,,,,,,,,,,,,,,,,,,,,,,,,,,,,,,,,,,,,,,,,,,,,,,,,,,,,,,,,,,,,,,,,,,,,,,,
,Cable,,,,,,,,,,,DSL,,,,,,,,,,,Fiber,,,,,,,,,,,Total,,,,,,,,,,,,,,,,,,,,,,,,,,,,,,,,,,,,,,,,,,,,,,,,,,,,,,,,,,,,,,,,,,,,,,,,,,,,,,,,,,,,,,,,,,,,,,,,,,,,,,,,,,,,,,,,,,,,,,,,,,,,,,,,,,,,,,,,,,,,,,,,,
"Tier (Mbps)","Weighted Mean","Unweighted Mean","Weighted mean of medians","Unweighted mean of medians","Weighted Mean % advertised","Unweighted Mean % advertised","Weighted Mean of Medians % Advertised","Unweighted Mean of Medians % Advertised","Standard Deviation","95% C.I","Unweighted Valid N","Weighted Mean","Unweighted Mean","Weighted mean of medians","Unweighted mean of medians","Weighted Mean % advertised","Unweighted Mean % advertised","Weighted Mean of Medians % Advertised","Unweighted Mean of Medians % Advertised","Standard Deviation","95% C.I","Unweighted Valid N","Weighted Mean","Unweighted Mean","Weighted mean of medians","Unweighted mean of medians","Weighted Mean % advertised","Unweighted Mean % advertised","Weighted Mean of Medians % Advertised","Unweighted Mean of Medians % Advertised","Standard Deviation","95% C.I","Unweighted Valid N","Weighted Mean","Unweighted Mean","Weighted mean of medians","Unweighted mean of medians","Weighted Mean % advertised","Unweighted Mean % advertised","Weighted Mean of Medians % Advertised","Unweighted Mean of Medians % Advertised","Standard Deviation","95% C.I","Unweighted Valid N",,,,,,,,,,,,,,,,,,,,,,,,,,,,,,,,,,,,,,,,,,,,,,,,,,,,,,,,,,,,,,,,,,,,,,,,,,,,,,,,,,,,,,,,,,,,,,,,,,,,,,,,,,,,,,,,,,,,,,,,,,,,,,,,,,,,,,,
0.512,,,,,,,,,,,,0.3656120324596125,0.3656120324596125,0.37387894736842103,0.3738789473684211,0.7140860008976807,0.15135600240569394,0.72488609375,0.7248860937499999,0.1525677007436148,"0.32 - 0.41",50,,,,,,,,,,,,0.3656120324596125,0.3656120324596125,0.37387894736842103,0.3738789473684211,0.7140860008976807,0.15135600240569394,0.72488609375,0.7248860937499999,0.1525677007436148,"0.32 - 0.41",50,,,,,,,,,,,,,,,,,,,,,,,,,,,,,,,,,,,,,,,,,,,,,,,,,,,,,,,,,,,,,,,,,,,,,,,,,,,,,,,,,,,,,,,,,,,,,,,,,,,,,,,,,,,,,,,,,,,,,,,,,,,,,,,,,,,,,,,
0.768,,,,,,,,,,,,0.6624846739521475,0.6344868651245744,0.6645002973788218,0.6351899961963977,0.8626102525418586,0.09393507292959237,0.8682798871777306,0.8282178455588822,0.11421818741369388,"0.65 - 0.68",167,,,,,,,,,,,,0.6624846739521475,0.6344868651245744,0.6645002973788218,0.6351899961963977,0.8626102525418586,0.09393507292959237,0.8682798871777306,0.8282178455588822,0.11421818741369388,"0.65 - 0.68",167,,,,,,,,,,,,,,,,,,,,,,,,,,,,,,,,,,,,,,,,,,,,,,,,,,,,,,,,,,,,,,,,,,,,,,,,,,,,,,,,,,,,,,,,,,,,,,,,,,,,,,,,,,,,,,,,,,,,,,,,,,,,,,,,,,,,,,,
0.896,,,,,,,,,,,,0.7563035208762108,0.7563035208762108,0.7005559333333333,0.7005559333333333,0.8440887509779138,0.14446892829280872,0.7931058576839826,0.7931058576839827,0.583257148426726,"0.66 - 0.86",132,,,,,,,,,,,,0.7563035208762108,0.7563035208762108,0.7005559333333333,0.7005559333333333,0.8440887509779138,0.14446892829280872,0.7931058576839826,0.7931058576839827,0.583257148426726,"0.66 - 0.86",132,,,,,,,,,,,,,,,,,,,,,,,,,,,,,,,,,,,,,,,,,,,,,,,,,,,,,,,,,,,,,,,,,,,,,,,,,,,,,,,,,,,,,,,,,,,,,,,,,,,,,,,,,,,,,,,,,,,,,,,,,,,,,,,,,,,,,,,
1,,,,,,,,,,,,0.9675186477274154,0.9739177201172649,0.9182706937711093,0.932253248416608,0.9675186477274154,0.09681968697279267,0.9789633176755209,0.9840200985221674,0.2906188906408403,"0.93 - 1.01",203,,,,,,,,,,,,0.9675186477274154,0.9739177201172649,0.9182706937711093,0.932253248416608,0.9675186477274154,0.09681968697279267,0.9789633176755209,0.9840200985221674,0.2906188906408403,"0.93 - 1.01",203,,,,,,,,,,,,,,,,,,,,,,,,,,,,,,,,,,,,,,,,,,,,,,,,,,,,,,,,,,,,,,,,,,,,,,,,,,,,,,,,,,,,,,,,,,,,,,,,,,,,,,,,,,,,,,,,,,,,,,,,,,,,,,,,,,,,,,,
1.5,,,,,,,,,,,,1.4561687577523417,1.456168757752342,1.3709472,1.3709472,0.9707791718348946,0.07427691936951165,0.976246593175853,0.9762465931758529,0.25100081391253726,"1.41 - 1.5",127,,,,,,,,,,,,1.4561687577523417,1.456168757752342,1.3709472,1.3709472,0.9707791718348946,0.07427691936951165,0.976246593175853,0.9762465931758529,0.25100081391253726,"1.41 - 1.5",127,,,,,,,,,,,,,,,,,,,,,,,,,,,,,,,,,,,,,,,,,,,,,,,,,,,,,,,,,,,,,,,,,,,,,,,,,,,,,,,,,,,,,,,,,,,,,,,,,,,,,,,,,,,,,,,,,,,,,,,,,,,,,,,,,,,,,,,
2,,,,,,,,,,,,1.7690177264365727,1.7690177264365723,1.823454875,1.823454875,0.8845088632182864,0.07180478680646034,0.8935950819672132,0.893595081967213,0.3258805189398926,"1.71 - 1.83",122,,,,,,,,,,,,1.7690177264365727,1.7690177264365723,1.823454875,1.823454875,0.8845088632182864,0.07180478680646034,0.8935950819672132,0.893595081967213,0.3258805189398926,"1.71 - 1.83",122,,,,,,,,,,,,,,,,,,,,,,,,,,,,,,,,,,,,,,,,,,,,,,,,,,,,,,,,,,,,,,,,,,,,,,,,,,,,,,,,,,,,,,,,,,,,,,,,,,,,,,,,,,,,,,,,,,,,,,,,,,,,,,,,,,,,,,,
3,2.8668017396628747,2.8668017396628747,2.8805175238095235,2.8805175238095235,0.9556005798876249,0.057336034793257495,0.9617527586206897,0.9617527586206897,0.07250214686996542,"2.85 - 2.89",58,,,,,,,,,,,,,,,,,,,,,,,2.8668017396628747,2.8668017396628747,2.8805175238095235,2.8805175238095235,0.9556005798876249,0.057336034793257495,0.9617527586206897,0.9617527586206897,0.07250214686996542,"2.85 - 2.89",58,,,,,,,,,,,,,,,,,,,,,,,,,,,,,,,,,,,,,,,,,,,,,,,,,,,,,,,,,,,,,,,,,,,,,,,,,,,,,,,,,,,,,,,,,,,,,,,,,,,,,,,,,,,,,,,,,,,,,,,,,,,,,,,,,,,,,,,
5,5.8146919818119756,5.9019386975609684,5.828400281402234,5.852401596412556,1.1629383963623952,0.06165369259949377,1.16721834987472,1.1791378475336323,0.7872181037480598,"5.71 - 5.92",223,4.477313218211189,4.477313218211189,4.8978627999999995,4.8978627999999995,0.8954626436422379,0.10840671746984912,0.8988281379310343,0.8988281379310344,1.1031263228733288,"4.19 - 4.76",58,,,,,,,,,,,,5.729148347044447,5.607887886876672,5.7688797023313905,5.655379353736655,1.1458296694088894,0.07130378314212939,1.1500511307662944,1.1212803274021352,1.0357126185728416,"5.61 - 5.85",281,,,,,,,,,,,,,,,,,,,,,,,,,,,,,,,,,,,,,,,,,,,,,,,,,,,,,,,,,,,,,,,,,,,,,,,,,,,,,,,,,,,,,,,,,,,,,,,,,,,,,,,,,,,,,,,,,,,,,,,,,,,,,,,,,,,,,,,
10,11.142471053488066,11.074288976437343,11.28528501818083,11.119859167785737,1.1142471053488066,0.07069855769536723,1.1239439919198824,1.113575979941003,1.2452288533748477,"11.01 - 11.28",339,11.0212664821482,11.021266482148198,9.94036392982456,9.94036392982456,1.1021266482148198,0.12940671495490338,1.101743294845361,1.1017432948453607,5.791953177653003,"9.87 - 12.17",97,,,,,,,,,,,,11.141436720144874,11.062492687570261,11.273807755316302,10.857448529982449,1.1141436720144873,0.08375977616824569,1.1237545360192307,1.1109434788990826,2.9340640615118523,"10.87 - 11.42",436,,,,,,,,,,,,,,,,,,,,,,,,,,,,,,,,,,,,,,,,,,,,,,,,,,,,,,,,,,,,,,,,,,,,,,,,,,,,,,,,,,,,,,,,,,,,,,,,,,,,,,,,,,,,,,,,,,,,,,,,,,,,,,,,,,,,,,,
20,22.049308985720305,22.510223350487156,22.787359471649935,23.209103245614035,1.1024654492860153,0.07943625586476621,1.1164341542512468,1.1402049897435897,1.9782810547121414,"21.74 - 22.36",156,,,,,,,,,,,,,,,,,,,,,,,22.049308985720305,22.510223350487156,22.787359471649935,23.209103245614035,1.1024654492860153,0.07943625586476621,1.1164341542512468,1.1402049897435897,1.9782810547121414,"21.74 - 22.36",156,,,,,,,,,,,,,,,,,,,,,,,,,,,,,,,,,,,,,,,,,,,,,,,,,,,,,,,,,,,,,,,,,,,,,,,,,,,,,,,,,,,,,,,,,,,,,,,,,,,,,,,,,,,,,,,,,,,,,,,,,,,,,,,,,,,,,,,
30,28.324611952145613,28.32461195214561,28.707991999999997,28.707991999999997,0.9441537317381871,0.0944153731738187,0.9623292102564102,0.9623292102564102,2.8556106326253268,"27.43 - 29.22",39,,,,,,,,,,,,,,,,,,,,,,,28.324611952145613,28.32461195214561,28.707991999999997,28.707991999999997,0.9441537317381871,0.0944153731738187,0.9623292102564102,0.9623292102564102,2.8556106326253268,"27.43 - 29.22",39,,,,,,,,,,,,,,,,,,,,,,,,,,,,,,,,,,,,,,,,,,,,,,,,,,,,,,,,,,,,,,,,,,,,,,,,,,,,,,,,,,,,,,,,,,,,,,,,,,,,,,,,,,,,,,,,,,,,,,,,,,,,,,,,,,,,,,,
35,35.10875450928228,35.10875450928228,35.398956,35.398956,1.0031072716937794,0.19829516887621565,1.0159835766059444,1.0159835766059444,2.7525733168574837,"34.67 - 35.55",149,,,,,,,,,,,,,,,,,,,,,,,35.10875450928228,35.10875450928228,35.398956,35.398956,1.0031072716937794,0.19829516887621565,1.0159835766059444,1.0159835766059444,2.7525733168574837,"34.67 - 35.55",149,,,,,,,,,,,,,,,,,,,,,,,,,,,,,,,,,,,,,,,,,,,,,,,,,,,,,,,,,,,,,,,,,,,,,,,,,,,,,,,,,,,,,,,,,,,,,,,,,,,,,,,,,,,,,,,,,,,,,,,,,,,,,,,,,,,,,,,
50,,,,,,,,,,,,,,,,,,,,,,,62.72262544153519,62.72262544153521,62.40257655384615,62.40257655384616,1.2544525088307041,1.2544525088307041,1.2591641157894735,1.2591641157894737,3.230078569981815,"61.7 - 63.75",38,62.72262544153519,62.72262544153521,62.40257655384615,62.40257655384616,1.2544525088307041,1.2544525088307041,1.2591641157894735,1.2591641157894737,3.230078569981815,"61.7 - 63.75",38,,,,,,,,,,,,,,,,,,,,,,,,,,,,,,,,,,,,,,,,,,,,,,,,,,,,,,,,,,,,,,,,,,,,,,,,,,,,,,,,,,,,,,,,,,,,,,,,,,,,,,,,,,,,,,,,,,,,,,,,,,,,,,,,,,,,,,,
75,,,,,,,,,,,,,,,,,,,,,,,83.28665109713846,82.38112547080692,85.17795581647282,84.19586132473118,1.1104886812951795,1.0984150062774256,1.118773317612406,1.1033747744802866,7.004933767835241,"81.86 - 84.71",93,83.28665109713846,82.38112547080692,85.17795581647282,84.19586132473118,1.1104886812951795,1.0984150062774256,1.118773317612406,1.1033747744802866,7.004933767835241,"81.86 - 84.71",93,,,,,,,,,,,,,,,,,,,,,,,,,,,,,,,,,,,,,,,,,,,,,,,,,,,,,,,,,,,,,,,,,,,,,,,,,,,,,,,,,,,,,,,,,,,,,,,,,,,,,,,,,,,,,,,,,,,,,,,,,,,,,,,,,,,,,,,
100,,,,,,,,,,,,,,,,,,,,,,,115.36059212558835,111.96488752080208,117.20071968113841,113.98081734222221,1.1536059212558833,0.9524820573345937,1.1547314435095641,1.12116165675,7.800673217617727,"114.15 - 116.57",160,115.36059212558835,111.96488752080208,117.20071968113841,113.98081734222221,1.1536059212558833,0.9524820573345937,1.1547314435095641,1.12116165675,7.800673217617727,"114.15 - 116.57",160,,,,,,,,,,,,,,,,,,,,,,,,,,,,,,,,,,,,,,,,,,,,,,,,,,,,,,,,,,,,,,,,,,,,,,,,,,,,,,,,,,,,,,,,,,,,,,,,,,,,,,,,,,,,,,,,,,,,,,,,,,,,,,,,,,,,,,,
125,,,,,,,,,,,,,,,,,,,,,,,131.86450505078705,131.86450505078705,132.04889561722487,132.04889561722487,1.0549160404062963,0.26372901010157407,1.0545170164571427,1.054517016457143,6.604206312319124,"130.77 - 132.96",140,131.86450505078705,131.86450505078705,132.04889561722487,132.04889561722487,1.0549160404062963,0.26372901010157407,1.0545170164571427,1.054517016457143,6.604206312319124,"130.77 - 132.96",140,,,,,,,,,,,,,,,,,,,,,,,,,,,,,,,,,,,,,,,,,,,,,,,,,,,,,,,,,,,,,,,,,,,,,,,,,,,,,,,,,,,,,,,,,,,,,,,,,,,,,,,,,,,,,,,,,,,,,,,,,,,,,,,,,,,,,,,
500,,,,,,,,,,,,,,,,,,,,,,,,,,,,,,,,,,,,,,,,,,,,,,,,,,,,,,,,,,,,,,,,,,,,,,,,,,,,,,,,,,,,,,,,,,,,,,,,,,,,,,,,,,,,,,,,,,,,,,,,,,,,,,,,,,,,,,,,,,,,,,,,,,,,,,,,,,,,,,,,,,,,,,,,,,,,,,,,,,,
Total,,,,,,,,,,,,,,,,,,,,,,,,,,,,,,,,,,,,,,,,,,,,,,,,,,,,,,,,,,,,,,,,,,,,,,,,,,,,,,,,,,,,,,,,,,,,,,,,,,,,,,,,,,,,,,,,,,,,,,,,,,,,,,,,,,,,,,,,,,,,,,,,,,,,,,,,,,,,,,,,,,,,,,,,,,,,,,,,,,,
"Upload Sustained Trimmed Mean",,,,,,,,,,,,,,,,,,,,,,,,,,,,,,,,,,,,,,,,,,,,,,,,,,,,,,,,,,,,,,,,,,,,,,,,,,,,,,,,,,,,,,,,,,,,,,,,,,,,,,,,,,,,,,,,,,,,,,,,,,,,,,,,,,,,,,,,,,,,,,,,,,,,,,,,,,,,,,,,,,,,,,,,,,,,,,,,,,,
Offpeak,,,,,,,,,,,,,,,,,,,,,,,,,,,,,,,,,,,,,,,,,,,,,,,,,,,,,,,,,,,,,,,,,,,,,,,,,,,,,,,,,,,,,,,,,,,,,,,,,,,,,,,,,,,,,,,,,,,,,,,,,,,,,,,,,,,,,,,,,,,,,,,,,,,,,,,,,,,,,,,,,,,,,,,,,,,,,,,,,,,
,Cable,,,,,,,,,,,DSL,,,,,,,,,,,Fiber,,,,,,,,,,,Total,,,,,,,,,,,,,,,,,,,,,,,,,,,,,,,,,,,,,,,,,,,,,,,,,,,,,,,,,,,,,,,,,,,,,,,,,,,,,,,,,,,,,,,,,,,,,,,,,,,,,,,,,,,,,,,,,,,,,,,,,,,,,,,,,,,,,,,,,,,,,,,,,
"Tier (Mbps)","Weighted Mean","Unweighted Mean","Weighted mean of medians","Unweighted mean of medians","Weighted Mean % advertised","Unweighted Mean % advertised","Weighted Mean of Medians % Advertised","Unweighted Mean of Medians % Advertised","Standard Deviation","95% C.I","Unweighted Valid N","Weighted Mean","Unweighted Mean","Weighted mean of medians","Unweighted mean of medians","Weighted Mean % advertised","Unweighted Mean % advertised","Weighted Mean of Medians % Advertised","Unweighted Mean of Medians % Advertised","Standard Deviation","95% C.I","Unweighted Valid N","Weighted Mean","Unweighted Mean","Weighted mean of medians","Unweighted mean of medians","Weighted Mean % advertised","Unweighted Mean % advertised","Weighted Mean of Medians % Advertised","Unweighted Mean of Medians % Advertised","Standard Deviation","95% C.I","Unweighted Valid N","Weighted Mean","Unweighted Mean","Weighted mean of medians","Unweighted mean of medians","Weighted Mean % advertised","Unweighted Mean % advertised","Weighted Mean of Medians % Advertised","Unweighted Mean of Medians % Advertised","Standard Deviation","95% C.I","Unweighted Valid N",,,,,,,,,,,,,,,,,,,,,,,,,,,,,,,,,,,,,,,,,,,,,,,,,,,,,,,,,,,,,,,,,,,,,,,,,,,,,,,,,,,,,,,,,,,,,,,,,,,,,,,,,,,,,,,,,,,,,,,,,,,,,,,,,,,,,,,
0.512,,,,,,,,,,,,0.3693683914586685,0.3693683914586685,0.37438405321100915,0.37438405321100915,0.7214226395677119,0.1530022605443933,0.732881875,0.7328818749999999,0.15343814532736638,"0.33 - 0.41",50,,,,,,,,,,,,0.3693683914586685,0.3693683914586685,0.37438405321100915,0.37438405321100915,0.7214226395677119,0.1530022605443933,0.732881875,0.7328818749999999,0.15343814532736638,"0.33 - 0.41",50,,,,,,,,,,,,,,,,,,,,,,,,,,,,,,,,,,,,,,,,,,,,,,,,,,,,,,,,,,,,,,,,,,,,,,,,,,,,,,,,,,,,,,,,,,,,,,,,,,,,,,,,,,,,,,,,,,,,,,,,,,,,,,,,,,,,,,,
0.768,,,,,,,,,,,,0.674289573985868,0.6413973584982638,0.6714447413118972,0.6408690031441957,0.8779812161274323,0.09432291783912046,0.8876209431837708,0.8409414215686274,0.11788682446899638,"0.66 - 0.69",170,,,,,,,,,,,,0.674289573985868,0.6413973584982638,0.6714447413118972,0.6408690031441957,0.8779812161274323,0.09432291783912046,0.8876209431837708,0.8409414215686274,0.11788682446899638,"0.66 - 0.69",170,,,,,,,,,,,,,,,,,,,,,,,,,,,,,,,,,,,,,,,,,,,,,,,,,,,,,,,,,,,,,,,,,,,,,,,,,,,,,,,,,,,,,,,,,,,,,,,,,,,,,,,,,,,,,,,,,,,,,,,,,,,,,,,,,,,,,,,
0.896,,,,,,,,,,,,0.7104393728731754,0.7104393728731754,0.6994391612903226,0.6994391612903226,0.7929010857959548,0.13801037376584077,0.7981088882921591,0.7981088882921589,0.10483546492805475,"0.69 - 0.73",133,,,,,,,,,,,,0.7104393728731754,0.7104393728731754,0.6994391612903226,0.6994391612903226,0.7929010857959548,0.13801037376584077,0.7981088882921591,0.7981088882921589,0.10483546492805475,"0.69 - 0.73",133,,,,,,,,,,,,,,,,,,,,,,,,,,,,,,,,,,,,,,,,,,,,,,,,,,,,,,,,,,,,,,,,,,,,,,,,,,,,,,,,,,,,,,,,,,,,,,,,,,,,,,,,,,,,,,,,,,,,,,,,,,,,,,,,,,,,,,,
1,,,,,,,,,,,,0.980533269202012,0.9860184642600329,0.9322560472994506,0.9455226133262028,0.980533269202012,0.09792942808275532,0.9890197459609956,0.9941316470588235,0.2922256679773927,"0.94 - 1.02",204,,,,,,,,,,,,0.980533269202012,0.9860184642600329,0.9322560472994506,0.9455226133262028,0.980533269202012,0.09792942808275532,0.9890197459609956,0.9941316470588235,0.2922256679773927,"0.94 - 1.02",204,,,,,,,,,,,,,,,,,,,,,,,,,,,,,,,,,,,,,,,,,,,,,,,,,,,,,,,,,,,,,,,,,,,,,,,,,,,,,,,,,,,,,,,,,,,,,,,,,,,,,,,,,,,,,,,,,,,,,,,,,,,,,,,,,,,,,,,
1.5,,,,,,,,,,,,1.469999422727259,1.469999422727259,1.372375189189189,1.372375189189189,0.979999615151506,0.07492317871755222,0.9827946456692913,0.9827946456692913,0.2591915418175964,"1.42 - 1.52",127,,,,,,,,,,,,1.469999422727259,1.469999422727259,1.372375189189189,1.372375189189189,0.979999615151506,0.07492317871755222,0.9827946456692913,0.9827946456692913,0.2591915418175964,"1.42 - 1.52",127,,,,,,,,,,,,,,,,,,,,,,,,,,,,,,,,,,,,,,,,,,,,,,,,,,,,,,,,,,,,,,,,,,,,,,,,,,,,,,,,,,,,,,,,,,,,,,,,,,,,,,,,,,,,,,,,,,,,,,,,,,,,,,,,,,,,,,,
2,,,,,,,,,,,,1.7824316285050312,1.7824316285050312,1.8294042352941178,1.8294042352941176,0.8912158142525156,0.07235846337440756,0.8971659999999999,0.8971659999999999,0.3246346181533203,"1.73 - 1.84",123,,,,,,,,,,,,1.7824316285050312,1.7824316285050312,1.8294042352941178,1.8294042352941176,0.8912158142525156,0.07235846337440756,0.8971659999999999,0.8971659999999999,0.3246346181533203,"1.73 - 1.84",123,,,,,,,,,,,,,,,,,,,,,,,,,,,,,,,,,,,,,,,,,,,,,,,,,,,,,,,,,,,,,,,,,,,,,,,,,,,,,,,,,,,,,,,,,,,,,,,,,,,,,,,,,,,,,,,,,,,,,,,,,,,,,,,,,,,,,,,
3,2.8818871718779517,2.8818871718779517,2.8887883441470663,2.888788344147066,0.9606290572926507,0.057637743437559036,0.9646868275862068,0.9646868275862068,0.07393683639700892,"2.86 - 2.9",58,,,,,,,,,,,,,,,,,,,,,,,2.8818871718779517,2.8818871718779517,2.8887883441470663,2.888788344147066,0.9606290572926507,0.057637743437559036,0.9646868275862068,0.9646868275862068,0.07393683639700892,"2.86 - 2.9",58,,,,,,,,,,,,,,,,,,,,,,,,,,,,,,,,,,,,,,,,,,,,,,,,,,,,,,,,,,,,,,,,,,,,,,,,,,,,,,,,,,,,,,,,,,,,,,,,,,,,,,,,,,,,,,,,,,,,,,,,,,,,,,,,,,,,,,,
5,5.887050782529057,5.94965175374813,5.8375148245093955,5.844511722850396,1.1774101565058115,0.06169564686162676,1.1746605886030212,1.1835765857142857,1.0751311354982145,"5.75 - 6.03",224,4.485616563348089,4.485616563348089,4.900043745564892,4.900043745564892,0.8971233126696179,0.10865273815371891,0.9005173103448274,0.9005173103448275,1.0925739998567912,"4.2 - 4.77",58,,,,,,,,,,,,5.797409926655471,5.648538133027554,5.777550747192636,5.650259443834229,1.1594819853310943,0.07135348833304997,1.1571253823416694,1.1253587205673758,1.2291789704342244,"5.65 - 5.94",282,,,,,,,,,,,,,,,,,,,,,,,,,,,,,,,,,,,,,,,,,,,,,,,,,,,,,,,,,,,,,,,,,,,,,,,,,,,,,,,,,,,,,,,,,,,,,,,,,,,,,,,,,,,,,,,,,,,,,,,,,,,,,,,,,,,,,,,
10,11.183183331807546,11.092892085774464,11.282303569339236,11.09615556433295,1.1183183331807547,0.07076607765980572,1.1276923732259378,1.1171913058823528,1.194684207118594,"11.06 - 11.31",340,11.01928510161756,11.019285101617562,9.97803880026584,9.97803880026584,1.1019285101617562,0.12946672870377238,1.0998036204081632,1.0998036204081632,5.759901413433027,"9.88 - 12.16",98,,,,,,,,,,,,11.181784660103158,11.076422943200544,11.271173258624952,10.845983320317934,1.1181784660103158,0.08390001328151515,1.1274543766997294,1.113300910502283,2.9107132067561774,"10.91 - 11.45",438,,,,,,,,,,,,,,,,,,,,,,,,,,,,,,,,,,,,,,,,,,,,,,,,,,,,,,,,,,,,,,,,,,,,,,,,,,,,,,,,,,,,,,,,,,,,,,,,,,,,,,,,,,,,,,,,,,,,,,,,,,,,,,,,,,,,,,,
20,22.145924187815453,22.637865837214136,22.70612644505567,23.10097651620235,1.1072962093907726,0.07976502598516566,1.1232046481083673,1.1453977299363056,1.7842314399434014,"21.87 - 22.43",157,,,,,,,,,,,,,,,,,,,,,,,22.145924187815453,22.637865837214136,22.70612644505567,23.10097651620235,1.1072962093907726,0.07976502598516566,1.1232046481083673,1.1453977299363056,1.7842314399434014,"21.87 - 22.43",157,,,,,,,,,,,,,,,,,,,,,,,,,,,,,,,,,,,,,,,,,,,,,,,,,,,,,,,,,,,,,,,,,,,,,,,,,,,,,,,,,,,,,,,,,,,,,,,,,,,,,,,,,,,,,,,,,,,,,,,,,,,,,,,,,,,,,,,
30,28.498171797119372,28.49817179711937,28.74772814814815,28.747728148148152,0.9499390599039791,0.0949939059903979,0.9638631213675213,0.9638631213675213,2.441606123275279,"27.73 - 29.26",39,,,,,,,,,,,,,,,,,,,,,,,28.498171797119372,28.49817179711937,28.74772814814815,28.747728148148152,0.9499390599039791,0.0949939059903979,0.9638631213675213,0.9638631213675213,2.441606123275279,"27.73 - 29.26",39,,,,,,,,,,,,,,,,,,,,,,,,,,,,,,,,,,,,,,,,,,,,,,,,,,,,,,,,,,,,,,,,,,,,,,,,,,,,,,,,,,,,,,,,,,,,,,,,,,,,,,,,,,,,,,,,,,,,,,,,,,,,,,,,,,,,,,,
35,35.34600081363218,35.34600081363218,35.43998092254641,35.43998092254641,1.009885737532348,0.1987447003923774,1.026054278095238,1.026054278095238,2.651941191930185,"34.92 - 35.77",150,,,,,,,,,,,,,,,,,,,,,,,35.34600081363218,35.34600081363218,35.43998092254641,35.43998092254641,1.009885737532348,0.1987447003923774,1.026054278095238,1.026054278095238,2.651941191930185,"34.92 - 35.77",150,,,,,,,,,,,,,,,,,,,,,,,,,,,,,,,,,,,,,,,,,,,,,,,,,,,,,,,,,,,,,,,,,,,,,,,,,,,,,,,,,,,,,,,,,,,,,,,,,,,,,,,,,,,,,,,,,,,,,,,,,,,,,,,,,,,,,,,
50,,,,,,,,,,,,,,,,,,,,,,,62.84551463533334,62.84551463533334,62.336183274059735,62.336183274059735,1.2569102927066667,1.2569102927066667,1.2570987536842104,1.2570987536842104,3.196502904301963,"61.83 - 63.86",38,62.84551463533334,62.84551463533334,62.336183274059735,62.336183274059735,1.2569102927066667,1.2569102927066667,1.2570987536842104,1.2570987536842104,3.196502904301963,"61.83 - 63.86",38,,,,,,,,,,,,,,,,,,,,,,,,,,,,,,,,,,,,,,,,,,,,,,,,,,,,,,,,,,,,,,,,,,,,,,,,,,,,,,,,,,,,,,,,,,,,,,,,,,,,,,,,,,,,,,,,,,,,,,,,,,,,,,,,,,,,,,,
75,,,,,,,,,,,,,,,,,,,,,,,83.873813517236,82.81560572865914,85.57104902104926,84.3475992740958,1.1183175135631467,1.1042080763821218,1.1242207659373376,1.1065268897491038,6.8179365087271036,"82.49 - 85.26",93,83.873813517236,82.81560572865914,85.57104902104926,84.3475992740958,1.1183175135631467,1.1042080763821218,1.1242207659373376,1.1065268897491038,6.8179365087271036,"82.49 - 85.26",93,,,,,,,,,,,,,,,,,,,,,,,,,,,,,,,,,,,,,,,,,,,,,,,,,,,,,,,,,,,,,,,,,,,,,,,,,,,,,,,,,,,,,,,,,,,,,,,,,,,,,,,,,,,,,,,,,,,,,,,,,,,,,,,,,,,,,,,
100,,,,,,,,,,,,,,,,,,,,,,,115.36302133486464,112.02879658005256,116.97279395908635,113.84134109557064,1.1536302133486465,0.9541732766814429,1.1557109069897866,1.1217787110559005,7.819952595815081,"114.16 - 116.57",161,115.36302133486464,112.02879658005256,116.97279395908635,113.84134109557064,1.1536302133486465,0.9541732766814429,1.1557109069897866,1.1217787110559005,7.819952595815081,"114.16 - 116.57",161,,,,,,,,,,,,,,,,,,,,,,,,,,,,,,,,,,,,,,,,,,,,,,,,,,,,,,,,,,,,,,,,,,,,,,,,,,,,,,,,,,,,,,,,,,,,,,,,,,,,,,,,,,,,,,,,,,,,,,,,,,,,,,,,,,,,,,,
125,,,,,,,,,,,,,,,,,,,,,,,131.92882746514184,131.92882746514184,132.07441988990826,132.07441988990826,1.0554306197211347,0.2638576549302837,1.0548032910070924,1.0548032910070921,6.283069255219662,"130.89 - 132.97",141,131.92882746514184,131.92882746514184,132.07441988990826,132.07441988990826,1.0554306197211347,0.2638576549302837,1.0548032910070924,1.0548032910070921,6.283069255219662,"130.89 - 132.97",141,,,,,,,,,,,,,,,,,,,,,,,,,,,,,,,,,,,,,,,,,,,,,,,,,,,,,,,,,,,,,,,,,,,,,,,,,,,,,,,,,,,,,,,,,,,,,,,,,,,,,,,,,,,,,,,,,,,,,,,,,,,,,,,,,,,,,,,
500,,,,,,,,,,,,,,,,,,,,,,,,,,,,,,,,,,,,,,,,,,,,,,,,,,,,,,,,,,,,,,,,,,,,,,,,,,,,,,,,,,,,,,,,,,,,,,,,,,,,,,,,,,,,,,,,,,,,,,,,,,,,,,,,,,,,,,,,,,,,,,,,,,,,,,,,,,,,,,,,,,,,,,,,,,,,,,,,,,,
Total,,,,,,,,,,,,,,,,,,,,,,,,,,,,,,,,,,,,,,,,,,,,,,,,,,,,,,,,,,,,,,,,,,,,,,,,,,,,,,,,,,,,,,,,,,,,,,,,,,,,,,,,,,,,,,,,,,,,,,,,,,,,,,,,,,,,,,,,,,,,,,,,,,,,,,,,,,,,,,,,,,,,,,,,,,,,,,,,,,,
"Upload Sustained Trimmed Mean",,,,,,,,,,,,,,,,,,,,,,,,,,,,,,,,,,,,,,,,,,,,,,,,,,,,,,,,,,,,,,,,,,,,,,,,,,,,,,,,,,,,,,,,,,,,,,,,,,,,,,,,,,,,,,,,,,,,,,,,,,,,,,,,,,,,,,,,,,,,,,,,,,,,,,,,,,,,,,,,,,,,,,,,,,,,,,,,,,,
Weekend,,,,,,,,,,,,,,,,,,,,,,,,,,,,,,,,,,,,,,,,,,,,,,,,,,,,,,,,,,,,,,,,,,,,,,,,,,,,,,,,,,,,,,,,,,,,,,,,,,,,,,,,,,,,,,,,,,,,,,,,,,,,,,,,,,,,,,,,,,,,,,,,,,,,,,,,,,,,,,,,,,,,,,,,,,,,,,,,,,,
,Cable,,,,,,,,,,,DSL,,,,,,,,,,,Fiber,,,,,,,,,,,Total,,,,,,,,,,,,,,,,,,,,,,,,,,,,,,,,,,,,,,,,,,,,,,,,,,,,,,,,,,,,,,,,,,,,,,,,,,,,,,,,,,,,,,,,,,,,,,,,,,,,,,,,,,,,,,,,,,,,,,,,,,,,,,,,,,,,,,,,,,,,,,,,,
"Tier (Mbps)","Weighted Mean","Unweighted Mean","Weighted mean of medians","Unweighted mean of medians","Weighted Mean % advertised","Unweighted Mean % advertised","Weighted Mean of Medians % Advertised","Unweighted Mean of Medians % Advertised","Standard Deviation","95% C.I","Unweighted Valid N","Weighted Mean","Unweighted Mean","Weighted mean of medians","Unweighted mean of medians","Weighted Mean % advertised","Unweighted Mean % advertised","Weighted Mean of Medians % Advertised","Unweighted Mean of Medians % Advertised","Standard Deviation","95% C.I","Unweighted Valid N","Weighted Mean","Unweighted Mean","Weighted mean of medians","Unweighted mean of medians","Weighted Mean % advertised","Unweighted Mean % advertised","Weighted Mean of Medians % Advertised","Unweighted Mean of Medians % Advertised","Standard Deviation","95% C.I","Unweighted Valid N","Weighted Mean","Unweighted Mean","Weighted mean of medians","Unweighted mean of medians","Weighted Mean % advertised","Unweighted Mean % advertised","Weighted Mean of Medians % Advertised","Unweighted Mean of Medians % Advertised","Standard Deviation","95% C.I","Unweighted Valid N",,,,,,,,,,,,,,,,,,,,,,,,,,,,,,,,,,,,,,,,,,,,,,,,,,,,,,,,,,,,,,,,,,,,,,,,,,,,,,,,,,,,,,,,,,,,,,,,,,,,,,,,,,,,,,,,,,,,,,,,,,,,,,,,,,,,,,,
0.512,,,,,,,,,,,,0.36789434457159964,0.36789434457159964,0.37662563894523327,0.3766256389452332,0.7185436417414055,0.15233985489488425,0.73101640625,0.73101640625,0.15510222793535045,"0.32 - 0.41",50,,,,,,,,,,,,0.36789434457159964,0.36789434457159964,0.37662563894523327,0.3766256389452332,0.7185436417414055,0.15233985489488425,0.73101640625,0.73101640625,0.15510222793535045,"0.32 - 0.41",50,,,,,,,,,,,,,,,,,,,,,,,,,,,,,,,,,,,,,,,,,,,,,,,,,,,,,,,,,,,,,,,,,,,,,,,,,,,,,,,,,,,,,,,,,,,,,,,,,,,,,,,,,,,,,,,,,,,,,,,,,,,,,,,,,,,,,,,
0.768,,,,,,,,,,,,0.6740221109966795,0.6408116443838804,0.6711214572160789,0.6397947536278946,0.8776329570269266,0.09428534848295428,0.8830453207683929,0.8368764705882352,0.11971535304921713,"0.66 - 0.69",170,,,,,,,,,,,,0.6740221109966795,0.6408116443838804,0.6711214572160789,0.6397947536278946,0.8776329570269266,0.09428534848295428,0.8830453207683929,0.8368764705882352,0.11971535304921713,"0.66 - 0.69",170,,,,,,,,,,,,,,,,,,,,,,,,,,,,,,,,,,,,,,,,,,,,,,,,,,,,,,,,,,,,,,,,,,,,,,,,,,,,,,,,,,,,,,,,,,,,,,,,,,,,,,,,,,,,,,,,,,,,,,,,,,,,,,,,,,,,,,,
0.896,,,,,,,,,,,,0.7080001045940606,0.7080001045940605,0.6974029859154929,0.6974029859154929,0.790178688163014,0.13759257261995506,0.7961812567132116,0.7961812567132115,0.10373461077943746,"0.69 - 0.73",133,,,,,,,,,,,,0.7080001045940606,0.7080001045940605,0.6974029859154929,0.6974029859154929,0.790178688163014,0.13759257261995506,0.7961812567132116,0.7961812567132115,0.10373461077943746,"0.69 - 0.73",133,,,,,,,,,,,,,,,,,,,,,,,,,,,,,,,,,,,,,,,,,,,,,,,,,,,,,,,,,,,,,,,,,,,,,,,,,,,,,,,,,,,,,,,,,,,,,,,,,,,,,,,,,,,,,,,,,,,,,,,,,,,,,,,,,,,,,,,
1,,,,,,,,,,,,0.9828206321905774,0.9870556744969011,0.9345552802865592,0.947165887886634,0.9828206321905774,0.09807589353146419,0.9922024383239391,0.9962058325123152,0.2927486604108425,"0.94 - 1.02",203,,,,,,,,,,,,0.9828206321905774,0.9870556744969011,0.9345552802865592,0.947165887886634,0.9828206321905774,0.09807589353146419,0.9922024383239391,0.9962058325123152,0.2927486604108425,"0.94 - 1.02",203,,,,,,,,,,,,,,,,,,,,,,,,,,,,,,,,,,,,,,,,,,,,,,,,,,,,,,,,,,,,,,,,,,,,,,,,,,,,,,,,,,,,,,,,,,,,,,,,,,,,,,,,,,,,,,,,,,,,,,,,,,,,,,,,,,,,,,,
1.5,,,,,,,,,,,,1.4694223293108397,1.4694223293108397,1.3727548888888887,1.3727548888888887,0.9796148862072264,0.07493697959826864,0.9824616482939632,0.9824616482939632,0.25721554000875246,"1.42 - 1.51",127,,,,,,,,,,,,1.4694223293108397,1.4694223293108397,1.3727548888888887,1.3727548888888887,0.9796148862072264,0.07493697959826864,0.9824616482939632,0.9824616482939632,0.25721554000875246,"1.42 - 1.51",127,,,,,,,,,,,,,,,,,,,,,,,,,,,,,,,,,,,,,,,,,,,,,,,,,,,,,,,,,,,,,,,,,,,,,,,,,,,,,,,,,,,,,,,,,,,,,,,,,,,,,,,,,,,,,,,,,,,,,,,,,,,,,,,,,,,,,,,
2,,,,,,,,,,,,1.7808553000958578,1.7808553000958576,1.8306799999999999,1.8306799999999999,0.8904276500479289,0.07229704064450389,0.8971598373983739,0.8971598373983739,0.323944984901605,"1.72 - 1.84",123,,,,,,,,,,,,1.7808553000958578,1.7808553000958576,1.8306799999999999,1.8306799999999999,0.8904276500479289,0.07229704064450389,0.8971598373983739,0.8971598373983739,0.323944984901605,"1.72 - 1.84",123,,,,,,,,,,,,,,,,,,,,,,,,,,,,,,,,,,,,,,,,,,,,,,,,,,,,,,,,,,,,,,,,,,,,,,,,,,,,,,,,,,,,,,,,,,,,,,,,,,,,,,,,,,,,,,,,,,,,,,,,,,,,,,,,,,,,,,,
3,2.882760640664434,2.882760640664434,2.894993176068376,2.894993176068376,0.9609202135548113,0.057655212813288684,0.9648139540229884,0.9648139540229884,0.0719673517786228,"2.86 - 2.9",58,,,,,,,,,,,,,,,,,,,,,,,2.882760640664434,2.882760640664434,2.894993176068376,2.894993176068376,0.9609202135548113,0.057655212813288684,0.9648139540229884,0.9648139540229884,0.0719673517786228,"2.86 - 2.9",58,,,,,,,,,,,,,,,,,,,,,,,,,,,,,,,,,,,,,,,,,,,,,,,,,,,,,,,,,,,,,,,,,,,,,,,,,,,,,,,,,,,,,,,,,,,,,,,,,,,,,,,,,,,,,,,,,,,,,,,,,,,,,,,,,,,,,,,
5,5.850671725214689,5.928097706563397,5.859281703190957,5.874337949643441,1.1701343450429378,0.0618504071155537,1.176078353872969,1.1855660785714286,0.6466221880970119,"5.77 - 5.94",224,4.477177644320736,4.477177644320736,4.877105931623932,4.877105931623932,0.895435528864147,0.10834474322533447,0.8946548827586205,0.8946548827586206,1.1012471031342885,"4.19 - 4.76",58,,,,,,,,,,,,5.762818022726538,5.62968152354895,5.796458150307382,5.669233492036591,1.1525636045453078,0.07141307198919655,1.1580774798623796,1.125733279432624,0.9607129063849856,"5.65 - 5.87",282,,,,,,,,,,,,,,,,,,,,,,,,,,,,,,,,,,,,,,,,,,,,,,,,,,,,,,,,,,,,,,,,,,,,,,,,,,,,,,,,,,,,,,,,,,,,,,,,,,,,,,,,,,,,,,,,,,,,,,,,,,,,,,,,,,,,,,,
10,11.203346966658891,11.111791264243656,11.291384902796448,11.092010158982335,1.1203346966658891,0.07086165905778051,1.128913444883654,1.1173871423529411,1.1721633902768573,"11.08 - 11.33",340,11.022762054227568,11.02276205422757,9.987683540229884,9.987683540229884,1.102276205422757,0.12949023999073123,1.1018945999999998,1.1018945999999998,5.755532525147964,"9.88 - 12.16",98,,,,,,,,,,,,11.201805894452288,11.091871486660148,11.280259400070257,10.844923381270599,1.1201805894452288,0.08397946940350921,1.1286828719617852,1.1139207744292237,2.9017531151493388,"10.93 - 11.47",438,,,,,,,,,,,,,,,,,,,,,,,,,,,,,,,,,,,,,,,,,,,,,,,,,,,,,,,,,,,,,,,,,,,,,,,,,,,,,,,,,,,,,,,,,,,,,,,,,,,,,,,,,,,,,,,,,,,,,,,,,,,,,,,,,,,,,,,
20,22.24865075729809,22.69434523925142,22.783571660102893,23.193282336164188,1.1124325378649045,0.07992715506486932,1.1252919507565302,1.146632417834395,1.6701433744261036,"21.99 - 22.51",157,,,,,,,,,,,,,,,,,,,,,,,22.24865075729809,22.69434523925142,22.783571660102893,23.193282336164188,1.1124325378649045,0.07992715506486932,1.1252919507565302,1.146632417834395,1.6701433744261036,"21.99 - 22.51",157,,,,,,,,,,,,,,,,,,,,,,,,,,,,,,,,,,,,,,,,,,,,,,,,,,,,,,,,,,,,,,,,,,,,,,,,,,,,,,,,,,,,,,,,,,,,,,,,,,,,,,,,,,,,,,,,,,,,,,,,,,,,,,,,,,,,,,,
30,28.393437727339478,28.393437727339478,28.729385531914893,28.729385531914893,0.9464479242446493,0.09464479242446493,0.964902735042735,0.964902735042735,2.6776515769005744,"27.55 - 29.23",39,,,,,,,,,,,,,,,,,,,,,,,28.393437727339478,28.393437727339478,28.729385531914893,28.729385531914893,0.9464479242446493,0.09464479242446493,0.964902735042735,0.964902735042735,2.6776515769005744,"27.55 - 29.23",39,,,,,,,,,,,,,,,,,,,,,,,,,,,,,,,,,,,,,,,,,,,,,,,,,,,,,,,,,,,,,,,,,,,,,,,,,,,,,,,,,,,,,,,,,,,,,,,,,,,,,,,,,,,,,,,,,,,,,,,,,,,,,,,,,,,,,,,
35,35.48376666061181,35.48376666061181,35.55714212987013,35.55714212987013,1.013821904588909,0.19926322475939687,1.0266755253333333,1.0266755253333333,2.6349723892899943,"35.06 - 35.91",150,,,,,,,,,,,,,,,,,,,,,,,35.48376666061181,35.48376666061181,35.55714212987013,35.55714212987013,1.013821904588909,0.19926322475939687,1.0266755253333333,1.0266755253333333,2.6349723892899943,"35.06 - 35.91",150,,,,,,,,,,,,,,,,,,,,,,,,,,,,,,,,,,,,,,,,,,,,,,,,,,,,,,,,,,,,,,,,,,,,,,,,,,,,,,,,,,,,,,,,,,,,,,,,,,,,,,,,,,,,,,,,,,,,,,,,,,,,,,,,,,,,,,,
50,,,,,,,,,,,,,,,,,,,,,,,62.76057217642271,62.76057217642272,62.279084173913034,62.27908417391304,1.2552114435284543,1.2552114435284545,1.2588492778947367,1.2588492778947369,3.2158219391270833,"61.74 - 63.78",38,62.76057217642271,62.76057217642272,62.279084173913034,62.27908417391304,1.2552114435284543,1.2552114435284545,1.2588492778947367,1.2588492778947369,3.2158219391270833,"61.74 - 63.78",38,,,,,,,,,,,,,,,,,,,,,,,,,,,,,,,,,,,,,,,,,,,,,,,,,,,,,,,,,,,,,,,,,,,,,,,,,,,,,,,,,,,,,,,,,,,,,,,,,,,,,,,,,,,,,,,,,,,,,,,,,,,,,,,,,,,,,,,
75,,,,,,,,,,,,,,,,,,,,,,,83.64676956053893,82.59208298484998,85.78107825372449,84.40253179509557,1.1152902608071857,1.1012277731313331,1.1246741925888342,1.1073083240143369,6.93473909787367,"82.24 - 85.06",93,83.64676956053893,82.59208298484998,85.78107825372449,84.40253179509557,1.1152902608071857,1.1012277731313331,1.1246741925888342,1.1073083240143369,6.93473909787367,"82.24 - 85.06",93,,,,,,,,,,,,,,,,,,,,,,,,,,,,,,,,,,,,,,,,,,,,,,,,,,,,,,,,,,,,,,,,,,,,,,,,,,,,,,,,,,,,,,,,,,,,,,,,,,,,,,,,,,,,,,,,,,,,,,,,,,,,,,,,,,,,,,,
100,,,,,,,,,,,,,,,,,,,,,,,115.20323996361452,111.95560973273136,116.91638677910923,113.90294813016303,1.152032399636145,0.9565300713865413,1.1540807522415795,1.1212134112499998,8.078355591406075,"113.95 - 116.45",160,115.20323996361452,111.95560973273136,116.91638677910923,113.90294813016303,1.152032399636145,0.9565300713865413,1.1540807522415795,1.1212134112499998,8.078355591406075,"113.95 - 116.45",160,,,,,,,,,,,,,,,,,,,,,,,,,,,,,,,,,,,,,,,,,,,,,,,,,,,,,,,,,,,,,,,,,,,,,,,,,,,,,,,,,,,,,,,,,,,,,,,,,,,,,,,,,,,,,,,,,,,,,,,,,,,,,,,,,,,,,,,
125,,,,,,,,,,,,,,,,,,,,,,,131.83972100099902,131.83972100099902,132.08621058064514,132.08621058064514,1.0547177680079922,0.26367944200199805,1.055108583716312,1.055108583716312,6.285154686118488,"130.8 - 132.88",141,131.83972100099902,131.83972100099902,132.08621058064514,132.08621058064514,1.0547177680079922,0.26367944200199805,1.055108583716312,1.055108583716312,6.285154686118488,"130.8 - 132.88",141,,,,,,,,,,,,,,,,,,,,,,,,,,,,,,,,,,,,,,,,,,,,,,,,,,,,,,,,,,,,,,,,,,,,,,,,,,,,,,,,,,,,,,,,,,,,,,,,,,,,,,,,,,,,,,,,,,,,,,,,,,,,,,,,,,,,,,,
500,,,,,,,,,,,,,,,,,,,,,,,,,,,,,,,,,,,,,,,,,,,,,,,,,,,,,,,,,,,,,,,,,,,,,,,,,,,,,,,,,,,,,,,,,,,,,,,,,,,,,,,,,,,,,,,,,,,,,,,,,,,,,,,,,,,,,,,,,,,,,,,,,,,,,,,,,,,,,,,,,,,,,,,,,,,,,,,,,,,
Total,,,,,,,,,,,,,,,,,,,,,,,,,,,,,,,,,,,,,,,,,,,,,,,,,,,,,,,,,,,,,,,,,,,,,,,,,,,,,,,,,,,,,,,,,,,,,,,,,,,,,,,,,,,,,,,,,,,,,,,,,,,,,,,,,,,,,,,,,,,,,,,,,,,,,,,,,,,,,,,,,,,,,,,,,,,,,,,,,,,
